OBJECTID,UIDENTSTLA,ULAND,UREGBEZ,UKREIS,UGEMEINDE,UJAHR,UMONAT,USTUNDE,UWOCHENTAG,UKATEGORIE,UART,UTYP1,IstRad,IstPKW,IstFuss,IstKrad,IstSonstig,LICHT,STRZUSTAND,LINREFX,LINREFY,XGCSWGS84,YGCSWGS84,index_right,FID,SBZ,Name
65163,14171116148110775410,14,7,13,000,2017,11,06,5,3,5,2,0,1,0,0,0,1,0,"736677,478499999970000","5695554,580299999600000",12.399884084000064,51.361863131000064,1,1,1,Nordost
65166,14171117144000802810,14,7,13,000,2017,11,15,6,3,3,6,0,1,0,0,0,0,0,"741406,307599999940000","5696695,047199999900000",12.468455754000047,51.37011003100008,1,1,1,Nordost
65167,14171108144100758660,14,7,13,000,2017,11,10,4,3,4,2,0,1,0,0,0,0,0,"729945,812999999970000","5693107,654000000100000",12.301777438000045,51.34266132400006,7,7,7,Alt-West
65193,14171112144200760950,14,7,13,000,2017,11,15,1,3,1,5,1,1,0,0,0,0,1,"734154,852300000030000","5693288,148799999600000",12.362222730000042,51.342563796000036,0,0,0,Mitte
65197,14171010148410695500,14,7,13,000,2017,10,07,3,3,5,3,0,1,0,0,0,1,1,"735178,659600000010000","5693552,194000000100000",12.377070580000066,51.344511417000035,0,0,0,Mitte
65211,14171013148410669330,14,7,13,000,2017,10,22,6,3,5,3,0,1,0,0,0,2,0,"736426,372300000050000","5692746,601800000300000",12.39441878100007,51.33676280600008,3,3,3,Südost
65228,14171017148110672690,14,7,13,000,2017,10,09,3,3,2,6,0,1,0,0,1,0,0,"737157,756599999960000","5694288,981499999800000",12.405926736000026,51.350302802000044,1,1,1,Nordost
65232,14171119144310801810,14,7,13,000,2017,11,20,1,3,9,1,0,1,0,0,0,2,1,"737738,790200000050000","5699701,772199999500000",12.41787544400006,51.39864491600008,1,1,1,Nordost
65250,14171014144200708211,14,7,13,000,2017,10,14,7,3,5,2,1,1,0,0,0,0,0,"736162,076000000000000","5694404,025999999600000",12.391730618000054,51.35175000000004,1,1,1,Nordost
65265,14171127144200809620,14,7,13,000,2017,11,17,2,2,6,2,0,1,1,0,0,2,1,"735093,684600000040000","5697039,253200000200000",12.37815701900007,51.37584749700005,9,9,9,Nord
65279,14170930144310645860,14,7,13,000,2017,09,09,7,3,2,6,0,1,0,0,0,0,0,"738113,481000000030000","5699728,034000000000000",12.423269520000076,51.39872353800007,1,1,1,Nordost
65308,14171016144310690950,14,7,30,270,2017,10,08,2,3,1,6,0,1,0,0,1,0,0,"729895,813599999990000","5701198,813400000300000",12.306295246000047,51.41531552200007,8,8,8,Nordwest
65309,14171111148110789650,14,7,13,000,2017,11,13,7,3,3,5,1,1,0,0,0,0,1,"734219,694200000030000","5693315,157700000300000",12.363169836000054,51.342779533000055,0,0,0,Mitte
65321,14171108148410761060,14,7,13,000,2017,11,19,4,3,2,6,0,1,0,0,0,2,0,"735176,545000000040000","5693551,735100000200000",12.377039969000066,51.344508173000065,0,0,0,Mitte
65345,14171017144200672980,14,7,13,000,2017,10,10,3,3,3,6,0,1,0,0,1,0,0,"737399,384700000050000","5690766,387699999800000",12.407043092000038,51.31858291800006,3,3,3,Südost
65355,14171030148410760970,14,7,13,000,2017,10,11,2,3,5,3,1,1,0,0,0,0,0,"732963,387400000010000","5692857,596300000300000",12.344864267000048,51.33918830300007,7,7,7,Alt-West
65399,14171116148410907960,14,7,13,000,2017,11,07,5,3,6,2,0,1,1,0,0,1,0,"737160,792600000040000","5691112,788599999600000",12.403855814000053,51.32179173800006,3,3,3,Südost
65411,14170929148410646830,14,7,13,000,2017,09,09,6,3,1,2,0,1,0,0,1,0,0,"736066,255299999960000","5693825,467100000000000",12.389973371000053,51.34659653800003,0,0,0,Mitte
65412,14170929148410646440,14,7,13,000,2017,09,16,6,3,2,2,0,1,0,0,0,0,0,"740038,859500000020000","5694416,484400000400000",12.447309569000026,51.35023794300008,2,2,2,Ost
65420,14170929144200624950,14,7,13,000,2017,09,10,6,2,2,2,0,1,0,0,0,0,0,"735182,462599999970000","5693524,511699999700000",12.37710680400005,51.34426135900003,0,0,0,Mitte
65422,14171117144200789580,14,7,13,000,2017,11,13,6,3,5,2,1,0,0,0,1,0,0,"736157,287200000020000","5693922,525700000100000",12.391342536000025,51.34742994900006,0,0,0,Mitte
65439,14171016144200672680,14,7,13,000,2017,10,16,2,3,3,2,1,1,0,0,0,0,0,"739053,126799999970000","5694921,976200000400000",12.433519873000023,51.355190529000026,2,2,2,Ost
65452,14171119148410816240,14,7,13,000,2017,11,15,1,3,6,3,0,1,1,0,0,0,1,"735158,221800000060000","5693518,694199999800000",12.376755525000021,51.34421916500003,0,0,0,Mitte
65469,14171008144200646350,14,7,13,000,2017,10,13,1,2,8,1,0,1,0,0,0,0,1,"732609,786300000040000","5696687,086100000000000",12.342299984000022,51.373709044000066,8,8,8,Nordwest
65504,14171014148110702050,14,7,13,000,2017,10,15,7,3,1,6,0,1,0,0,0,0,0,"739441,156399999980000","5695252,219600000400000",12.439304592000042,51.35799136600008,2,2,2,Ost
65525,14171106148210756190,14,7,13,000,2017,11,18,2,3,4,2,0,1,0,0,0,1,0,"736523,521799999990000","5690277,904099999900000",12.394172888000071,51.31456288700008,0,0,0,Mitte
65528,14171106148110762460,14,7,13,000,2017,11,15,2,3,2,6,0,1,0,0,0,0,0,"735922,640900000000000","5697291,809299999800000",12.390213920000065,51.377770730000066,9,9,9,Nord
65541,14170928149110645680,14,7,13,000,2017,09,15,5,3,2,1,0,1,0,0,1,0,0,"741922,395999999950000","5684700,635499999900000",12.467720427000074,51.26223472800007,3,3,3,Südost
65543,14171015148410669660,14,7,13,000,2017,10,09,1,3,5,3,0,1,0,0,0,0,0,"735178,442400000060000","5693552,146900000100000",12.377067436000061,51.34451108500008,0,0,0,Mitte
65555,14171110144200758690,14,7,13,000,2017,11,15,6,3,3,2,1,1,0,0,0,0,1,"726273,010499999970000","5690212,953400000000000",12.247293544000058,51.318147614000054,6,6,6,West
65572,14171027148110708341,14,7,13,000,2017,10,15,6,2,5,3,1,1,0,0,0,0,1,"736574,730199999990000","5695966,298899999800000",12.398684735000074,51.365601551000054,9,9,9,Nord
65574,14171027144200762390,14,7,13,000,2017,10,10,6,3,2,6,0,1,0,0,0,0,0,"731299,323899999960000","5697261,487400000000000",12.323878284000045,51.37940051600003,8,8,8,Nordwest
65589,14171007144200646560,14,7,13,000,2017,10,19,7,2,4,2,0,1,0,0,1,2,1,"740361,076499999970000","5696003,253100000300000",12.452999947000023,51.364344009000035,2,2,2,Ost
65666,14171124144200012590,14,7,13,000,2017,11,08,6,3,4,2,0,1,0,0,0,0,0,"740886,011999999990000","5696361,598000000200000",12.460769069000037,51.36733802700007,2,2,2,Ost
65670,14171125149320827000,14,7,13,000,2017,11,17,7,3,8,1,0,0,0,0,1,2,1,"733659,130400000020000","5701217,421900000400000",12.360331232000021,51.41394455600005,9,9,9,Nord
65715,14171026148410707591,14,7,13,000,2017,10,12,5,3,4,6,1,0,0,0,0,0,0,"735640,590800000010000","5693499,729600000200000",12.383656599000062,51.34384922100003,0,0,0,Mitte
65724,14171026148210705811,14,7,13,000,2017,10,16,5,3,1,6,0,1,0,0,0,1,0,"735405,549800000040000","5690257,184999999600000",12.378146031000028,51.31484040000004,4,4,4,Süd
65726,14171026144310707431,14,7,13,000,2017,10,20,5,2,8,1,0,1,0,0,0,2,0,"730950,642899999980000","5701194,150999999600000",12.321435134000069,51.41484508700006,8,8,8,Nordwest
65729,14171026144200705791,14,7,13,000,2017,10,10,5,3,2,6,0,1,0,0,0,0,0,"735059,082500000020000","5690236,559700000100000",12.373169776000054,51.31479845400003,4,4,4,Süd
65742,14171122144310809690,14,7,13,000,2017,11,18,4,3,2,6,0,1,0,0,0,2,0,"741585,389399999990000","5696795,640700000300000",12.471092030000023,51.37093676600006,1,1,1,Nordost
65754,14170927148410646280,14,7,13,000,2017,09,19,4,3,2,6,0,1,0,0,0,2,0,"736160,905099999970000","5694408,315700000200000",12.391716680000059,51.35178899200008,1,1,1,Nordost
65756,14170927148223646780,14,7,13,000,2017,09,16,4,3,5,3,1,1,0,0,0,0,0,"732964,887600000020000","5692858,192099999600000",12.344886157000076,51.33919303600004,7,7,7,Alt-West
65758,14170927144200631560,14,7,13,000,2017,09,12,4,2,3,6,1,0,0,0,1,0,0,"736208,981499999990000","5693990,130300000300000",12.392128351000053,51.34801530500005,0,0,0,Mitte
65780,14171108144200774501,14,7,13,000,2017,11,19,4,3,2,6,0,1,0,0,0,2,0,"735506,237399999980000","5687753,371700000000000",12.377936111000054,51.29232355600004,4,4,4,Süd
65792,14170926148415646770,14,7,13,000,2017,09,18,3,3,1,6,0,1,0,0,0,1,0,"735388,715199999980000","5693535,324900000400000",12.38007010900003,51.34427306900005,0,0,0,Mitte
65794,14171116144200823580,14,7,13,000,2017,11,20,5,3,8,1,0,1,0,0,0,2,0,"733926,166899999950000","5693220,660199999800000",12.358900772000027,51.34205211400007,0,0,0,Mitte
65796,14170926148210620791,14,7,13,000,2017,09,18,3,3,5,3,1,1,0,0,0,0,0,"735088,009899999950000","5690252,359100000000000",12.373594534000063,51.314928329000054,4,4,4,Süd
65797,14170926144200646420,14,7,13,000,2017,09,14,3,3,1,2,0,1,0,0,1,0,0,"740712,234300000010000","5686526,676500000100000",12.451636977000021,51.27913696400003,3,3,3,Südost
65815,14171110148210756050,14,7,13,000,2017,11,07,6,3,5,3,1,1,0,0,0,0,1,"734941,520000000020000","5690232,396999999900000",12.371483111000032,51.31480962900008,4,4,4,Süd
65835,14171025148110708301,14,7,13,000,2017,10,16,4,3,2,6,0,1,0,0,0,0,0,"732876,403199999940000","5696862,977699999700000",12.346239143000048,51.37517869200008,8,8,8,Nordwest
65837,14171012144200667290,14,7,13,000,2017,10,11,5,3,5,3,1,1,0,0,0,0,0,"733777,366299999990000","5696906,637600000000000",12.359190094000041,51.37520045700006,9,9,9,Nord
65843,14171013148210672720,14,7,13,000,2017,10,15,6,3,2,6,0,1,0,0,0,0,0,"741083,101299999980000","5696474,315600000300000",12.463671481000063,51.368266120000044,2,2,2,Ost
65877,14170925148410617050,14,7,13,000,2017,09,13,2,3,5,7,1,1,0,0,0,0,0,"733721,492399999990000","5693141,657900000000000",12.355915458000027,51.341427115000045,0,0,0,Mitte
65879,14170925148310646620,14,7,13,000,2017,09,17,2,3,0,2,1,1,0,0,0,0,0,"731367,843299999950000","5692763,201100000200000",12.321935773000064,51.33899235300004,7,7,7,Alt-West
65884,14170925144200614770,14,7,13,000,2017,09,07,2,3,5,2,0,1,0,0,0,0,1,"728394,599999999980000","5690402,191999999800000",12.277808913000058,51.31899893700006,6,6,6,West
65902,14171115144200782930,14,7,13,000,2017,11,11,4,3,5,2,1,1,0,0,0,0,0,"735075,774800000010000","5690238,721199999600000",12.373410294000053,51.31481096300007,4,4,4,Süd
65910,14170924148110646230,14,7,13,000,2017,09,13,1,3,0,7,0,0,0,1,1,0,1,"736517,117699999940000","5694620,753800000100000",12.396964093000065,51.35354775700006,1,1,1,Nordost
65927,14171005148410656300,14,7,13,000,2017,10,20,5,3,5,3,1,1,0,0,0,2,0,"736065,127400000000000","5693821,940200000100000",12.38995486600004,51.34656534900006,0,0,0,Mitte
65935,14171017144200742740,14,7,13,000,2017,10,10,3,3,4,1,1,0,0,0,0,0,0,"734425,591999999950000","5693393,565999999600000",12.366172471000027,51.343398508000064,0,0,0,Mitte
65949,14171005144310646090,14,7,29,070,2017,10,09,5,3,9,1,0,1,0,0,0,0,1,"745392,172000000020000","5691145,076000000400000",12.521783554000024,51.31859150100007,2,2,2,Ost
65966,14171024148410707711,14,7,13,000,2017,10,16,3,3,3,6,0,1,0,0,0,0,0,"735393,282400000030000","5693532,601800000300000",12.380133769000054,51.34424673400008,0,0,0,Mitte
65968,14171024148323706671,14,7,13,000,2017,10,19,3,2,0,1,1,0,0,0,0,2,0,"731213,537999999940000","5692813,750699999700000",12.319757095000057,51.33950889100004,7,7,7,Alt-West
65972,14171024144200708241,14,7,13,000,2017,10,08,3,3,2,6,0,1,0,0,0,0,0,"736438,020000000020000","5694568,275999999600000",12.395795336000049,51.353109618000076,1,1,1,Nordost
65995,14171123148410820620,14,7,13,000,2017,11,09,5,3,2,6,0,1,0,0,0,0,0,"733837,795200000050000","5693188,289900000200000",12.357612945000028,51.341797891000056,0,0,0,Mitte
66008,14170923144200646210,14,7,13,000,2017,09,23,7,3,0,1,0,1,0,0,0,2,1,"727747,256000000050000","5699051,610000000300000",12.274071505000052,51.396906630000046,8,8,8,Nordwest
66024,14171108144320823780,14,7,13,000,2017,11,14,4,3,6,4,1,0,1,0,0,0,0,"735453,003400000050000","5693497,015999999800000",12.380966201000035,51.34390257700005,0,0,0,Mitte
66029,14171125143219864170,14,7,13,000,2017,11,05,7,3,5,3,0,1,0,1,0,2,0,"736169,807999999960000","5694391,491999999600000",12.391833139000028,51.35163428000004,1,1,1,Nordost
66035,14171110148210775760,14,7,13,000,2017,11,07,6,3,1,5,1,1,0,0,0,1,1,"734997,951699999980000","5690240,507199999900000",12.372296762000076,51.31485913200004,4,4,4,Süd
66044,14171017144200672640,14,7,13,000,2017,10,07,3,2,5,3,0,0,0,1,1,1,0,"735096,987800000000000","5697039,239600000000000",12.37820438600005,51.375846007000064,9,9,9,Nord
66057,14171012144200758700,14,7,13,000,2017,10,15,5,3,4,2,1,1,0,0,0,0,0,"732079,738299999970000","5692452,480299999900000",12.331936059000043,51.33591299600005,7,7,7,Alt-West
66061,14171125148110811050,14,7,13,000,2017,11,12,7,3,5,3,0,1,0,0,0,0,1,"736161,608299999960000","5694405,739699999800000",12.391725051000037,51.35176557700004,1,1,1,Nordost
66087,14171012148410672850,14,7,13,000,2017,10,11,5,3,2,6,0,1,0,0,0,0,0,"736243,973400000020000","5693704,216400000300000",12.392440196000052,51.34543434700004,0,0,0,Mitte
66113,14170922148410646720,14,7,13,000,2017,09,07,6,3,3,2,0,1,0,0,1,0,0,"736496,882300000060000","5692229,665799999600000",12.395086061000029,51.332093377000035,0,0,0,Mitte
66114,14170922148210610430,14,7,13,000,2017,09,07,6,3,5,3,1,0,0,0,1,0,0,"737287,587700000030000","5690921,995500000200000",12.405545223000047,51.32002629800007,3,3,3,Südost
66118,14170922148110646190,14,7,13,000,2017,09,13,6,3,5,3,1,1,0,0,0,0,0,"736451,920500000010000","5696486,702300000000000",12.397269795000057,51.37032387700003,9,9,9,Nord
66119,14170922144200610300,14,7,13,000,2017,09,12,6,3,2,6,0,1,0,0,0,0,0,"735729,386999999990000","5693560,582000000400000",12.384969555000055,51.34435864000005,0,0,0,Mitte
66120,14170922144200610151,14,7,13,000,2017,09,11,6,1,9,1,0,1,0,0,0,0,0,"741570,523799999970000","5694581,478600000000000",12.469375324000055,51.351070013000026,2,2,2,Ost
66138,14171104148210775650,14,7,13,000,2017,11,11,7,3,5,2,1,1,0,0,0,0,0,"741377,345800000010000","5686879,537200000100000",12.461393858000065,51.28202279800007,3,3,3,Südost
66155,14171104144200744720,14,7,13,000,2017,11,18,7,2,4,2,0,1,0,0,1,2,0,"741582,198600000000000","5696793,607400000100000",12.471044894000045,51.37091987400004,1,1,1,Nordost
66160,14171004148210696410,14,7,13,000,2017,10,07,4,3,3,6,0,1,0,0,1,0,1,"738657,388999999970000","5694499,296000000100000",12.427563381000027,51.35156292900007,2,2,2,Ost
66161,14171110144200758530,14,7,13,000,2017,11,23,6,2,6,4,0,1,1,0,0,2,1,"732144,503900000010000","5692468,936599999700000",12.332874925000056,51.336034288000064,7,7,7,Alt-West
66162,14171004144200651210,14,7,13,000,2017,10,17,4,3,4,6,0,1,0,0,1,0,0,"740123,925599999960000","5687859,800099999600000",12.444113371000071,51.29135101300005,3,3,3,Südost
66168,14171022149310708321,14,7,13,000,2017,10,18,1,3,1,2,0,1,0,0,0,2,0,"736348,915000000040000","5694741,314000000200000",12.394632913000066,51.35469989400008,1,1,1,Nordost
66171,14171022148210756070,14,7,13,000,2017,10,17,1,3,2,6,0,1,0,0,1,0,1,"740753,664400000010000","5694463,018299999600000",12.457586647000028,51.350353323000036,2,2,2,Ost
66194,14170921148310599900,14,7,13,000,2017,09,20,5,3,2,6,0,1,0,0,0,2,0,"731923,421500000050000","5692455,327100000300000",12.32969776400006,51.336002319000045,7,7,7,Alt-West
66211,14171104144200736150,14,7,13,000,2017,11,06,7,1,2,6,0,1,0,1,0,1,0,"743288,551699999950000","5695160,033699999600000",12.494395601000065,51.35552997100007,2,2,2,Ost
66225,14170920148310667880,14,7,13,000,2017,09,17,4,3,5,3,0,1,0,0,0,1,0,"729996,783599999970000","5693103,283099999700000",12.302505193000059,51.342601470000034,7,7,7,Alt-West
66227,14170920148123607130,14,7,13,000,2017,09,15,4,3,2,2,0,1,0,0,1,0,0,"727750,388599999950000","5699062,399500000300000",12.274123382000028,51.39700223300008,8,8,8,Nordwest
66228,14170920148110604370,14,7,13,000,2017,09,08,4,3,2,2,0,1,0,0,0,0,1,"734776,240800000030000","5693526,452899999900000",12.371285785000055,51.34444667100007,0,0,0,Mitte
66230,14170920144200646170,14,7,13,000,2017,09,06,4,3,6,2,0,1,1,0,0,1,0,"736635,970100000040000","5695736,879900000100000",12.399410218000071,51.36351675900005,9,9,9,Nord
66269,14171021148210698270,14,7,13,000,2017,10,18,7,3,2,6,0,1,0,0,0,2,1,"735817,815500000030000","5686771,495199999800000",12.381748665000032,51.28338095400005,4,4,4,Süd
66323,14171003148110655190,14,7,13,000,2017,10,11,3,3,4,1,0,1,0,0,0,0,1,"738443,888299999990000","5694558,271999999900000",12.424542508000059,51.35218189200003,1,1,1,Nordost
66328,14171003144200646020,14,7,13,000,2017,10,00,3,1,0,7,0,1,0,0,0,2,1,"739914,559200000020000","5698178,007500000300000",12.448065592000034,51.384052533000045,1,1,1,Nordost
66330,14171123144200818030,14,7,13,000,2017,11,18,5,3,5,3,0,1,0,0,1,2,0,"736669,534199999990000","5695572,759200000200000",12.399782274000074,51.36202961600003,9,9,9,Nord
66332,14171003144200645990,14,7,13,000,2017,10,00,3,2,3,1,0,1,0,0,0,2,1,"739914,800300000000000","5698177,702999999700000",12.448068844000034,51.38404969800007,1,1,1,Nordost
66335,14171020148310694830,14,7,13,000,2017,10,14,6,3,2,2,0,1,0,0,0,0,0,"727279,876999999980000","5690036,370000000100000",12.261605692000046,51.31616111100004,6,6,6,West
66336,14170919144200707551,14,7,13,000,2017,09,15,3,3,6,4,1,0,1,0,0,0,0,"733915,530900000010000","5693215,802500000200000",12.358745143000021,51.34201288400004,0,0,0,Mitte
66337,14170919144200603580,14,7,13,000,2017,09,14,3,3,4,2,0,1,0,0,0,0,0,"737352,918399999970000","5690244,305999999900000",12.406030051000073,51.31391603800006,3,3,3,Südost
66338,14171020144200732510,14,7,13,000,2017,10,07,6,3,6,4,0,0,1,0,1,2,0,"736465,371500000010000","5693017,421199999700000",12.395157425000036,51.33917751600006,0,0,0,Mitte
66356,14171117144200795770,14,7,13,000,2017,11,11,6,3,6,4,0,1,1,0,0,0,0,"733743,187299999990000","5693150,596199999600000",12.356232259000024,51.34149843200004,0,0,0,Mitte
66358,14171108144200752200,14,7,13,000,2017,11,14,4,1,6,4,0,0,1,0,1,0,0,"734288,115200000000000","5693343,616299999900000",12.364169201000038,51.34300680200005,0,0,0,Mitte
66370,14171016144200672710,14,7,13,000,2017,10,12,2,3,5,2,0,1,0,0,0,0,0,"738577,091000000010000","5694523,928000000300000",12.426428878000024,51.35181773100004,1,1,1,Nordost
66426,14171013144200674340,14,7,13,000,2017,10,13,6,3,2,6,0,1,0,0,1,0,0,"727577,015600000040000","5690120,188799999700000",12.265915869000025,51.31679484300008,6,6,6,West
66436,14170918148410623370,14,7,13,000,2017,09,14,2,3,1,6,0,1,0,0,0,0,0,"736334,732199999970000","5694338,285799999700000",12.394161965000023,51.35108814400007,0,0,0,Mitte
66437,14170918144200621610,14,7,13,000,2017,09,20,2,3,5,3,0,1,0,1,0,2,0,"732148,326099999950000","5692469,951600000300000",12.33293036200007,51.336041839000075,7,7,7,Alt-West
66446,14170918144200593820,14,7,13,000,2017,09,14,2,3,5,3,0,1,0,0,0,0,0,"729828,987399999980000","5693122,248900000000000",12.30011235400002,51.34283957700006,7,7,7,Alt-West
66457,14171116144200801780,14,7,13,000,2017,11,18,5,2,4,2,0,1,0,1,0,2,0,"734146,749599999980000","5693284,551500000100000",12.362104234000071,51.34253484100003,0,0,0,Mitte
66472,14171019144200690910,14,7,13,000,2017,10,20,5,2,5,2,1,1,0,0,0,2,0,"735177,356299999980000","5693551,911200000000000",12.377051713000071,51.34450941800003,0,0,0,Mitte
66514,14171017144200728380,14,7,13,000,2017,10,20,3,2,2,6,0,1,0,1,0,2,0,"738927,608600000040000","5694483,876799999700000",12.431426417000068,51.351311011000064,2,2,2,Ost
66516,14171010144200706631,14,7,13,000,2017,10,15,3,2,5,2,0,1,0,0,0,0,1,"727609,510400000030000","5685555,440600000300000",12.263471492000065,51.27580213200008,5,5,5,Südwest
66526,14171002148410658990,14,7,13,000,2017,10,11,2,3,5,2,1,1,0,0,0,0,0,"734644,123000000020000","5693488,771999999900000",12.369367323000063,51.34416297300004,0,0,0,Mitte
66529,14171002148310699830,14,7,13,000,2017,10,19,2,3,2,6,0,1,0,0,0,2,1,"727914,912600000040000","5690221,811499999800000",12.270821438000041,51.31757192400005,6,6,6,West
66551,14170917148410592190,14,7,13,000,2017,09,18,1,3,0,7,1,0,0,0,0,0,1,"736408,874599999980000","5692339,995199999800000",12.393898227000022,51.333120300000076,3,3,3,Südost
66570,14171117144200816610,14,7,13,000,2017,11,16,6,3,2,6,0,1,0,0,1,0,1,"742810,948899999960000","5694959,053399999600000",12.487412241000072,51.35393036000005,2,2,2,Ost
66573,14171127144200809580,14,7,13,000,2017,11,15,2,3,5,2,0,1,0,0,0,0,1,"728852,703400000000000","5682492,250099999800000",12.279305714000031,51.247804968000025,5,5,5,Südwest
66576,14171128144200818040,14,7,13,000,2017,11,22,3,3,9,1,0,1,0,0,0,2,0,"729145,090699999940000","5698495,833999999800000",12.293772380000064,51.39135470900004,8,8,8,Nordwest
66590,14171117149110803140,14,7,13,000,2017,11,10,6,3,5,3,1,1,0,0,0,0,1,"741608,223400000020000","5686672,003700000200000",12.464557889000048,51.280062213000065,3,3,3,Südost
66639,14171123148110802150,14,7,13,000,2017,11,12,5,2,0,1,1,0,0,0,0,0,0,"735090,593699999970000","5697039,265900000000000",12.378112696000073,51.37584889000004,9,9,9,Nord
66715,14171215144320890520,14,7,13,000,2017,12,16,6,2,4,2,1,1,0,0,0,1,0,"736428,856000000030000","5693410,810999999800000",12.394895278000035,51.34272383600006,0,0,0,Mitte
66717,14171215144200897910,14,7,13,000,2017,12,05,6,3,2,6,0,1,0,0,1,2,1,"727612,099300000000000","5699109,805100000500000",12.272169224000038,51.39748328700006,8,8,8,Nordwest
66782,14171214148110883770,14,7,13,000,2017,12,15,5,3,2,6,0,1,0,0,0,0,1,"736360,522600000030000","5696565,722000000100000",12.396011627000064,51.37107120600007,9,9,9,Nord
66784,14171214144200872110,14,7,13,000,2017,12,16,5,2,6,4,0,1,1,0,0,1,0,"739564,432700000000000","5694458,762000000100000",12.440537762000076,51.35081755400006,2,2,2,Ost
66823,14171213144200872131,14,7,13,000,2017,12,14,4,3,2,6,0,1,0,0,0,0,0,"740046,223600000030000","5694426,641099999700000",12.44742197200003,51.35032599600004,2,2,2,Ost
66881,14171211144200903281,14,7,13,000,2017,12,09,2,3,2,6,0,1,0,0,1,0,1,"738255,685799999980000","5694482,901999999800000",12.42179426000007,51.351584297000045,1,1,1,Nordost
66893,14171210148410872320,14,7,13,000,2017,12,18,1,3,1,6,0,1,0,0,0,2,2,"733835,431699999960000","5693187,443799999500000",12.357578515000057,51.341791268000065,0,0,0,Mitte
66920,14171210144200860050,14,7,13,000,2017,12,18,1,3,4,1,0,1,0,0,0,2,2,"739639,333100000050000","5694462,967199999800000",12.44161420200004,51.350823727000034,2,2,2,Ost
66962,14171229144200918610,14,7,13,000,2017,12,19,6,3,5,3,1,1,0,0,0,2,0,"732963,558199999970000","5692857,664099999700000",12.34486675900007,51.339188841000066,7,7,7,Alt-West
67001,14171208144200863170,14,7,13,000,2017,12,06,6,2,2,6,0,1,0,0,0,1,1,"732220,551300000050000","5699202,634999999800000",12.338361802000065,51.39644949600006,8,8,8,Nordwest
67020,14171227144200918540,14,7,13,000,2017,12,15,4,3,5,3,0,0,0,0,1,0,0,"739746,038999999990000","5695501,230499999600000",12.443843198000025,51.36009787200004,2,2,2,Ost
67043,14171226144310938030,14,7,13,000,2017,12,18,3,3,2,6,0,1,0,0,0,2,0,"742279,770299999970000","5694734,851700000500000",12.479645602000062,51.35214474000003,2,2,2,Ost
67051,14171207148310865480,14,7,13,000,2017,12,07,5,3,5,3,0,1,0,0,0,1,0,"729993,809200000020000","5693103,538200000300000",12.302462725000055,51.34260496300004,7,7,7,Alt-West
67053,14171207144200909240,14,7,13,000,2017,12,13,5,3,3,2,1,1,0,0,0,0,0,"736161,710899999950000","5693925,462000000300000",12.391407891000028,51.34745446800008,0,0,0,Mitte
67057,14171207144200841700,14,7,13,000,2017,12,06,5,2,5,3,1,1,0,0,0,2,0,"735174,236900000020000","5693551,234199999800000",12.377006556000026,51.34450463100006,0,0,0,Mitte
67105,14171206144200949420,14,7,13,000,2017,12,17,4,3,3,5,1,0,0,0,1,2,0,"734274,908399999960000","5693337,784300000400000",12.363976077000075,51.34295989300006,0,0,0,Mitte
67122,14171205148410847270,14,7,13,000,2017,12,08,3,3,3,6,0,1,0,0,0,0,1,"736236,984999999990000","5693717,560100000400000",12.392348885000047,51.34555702600005,0,0,0,Mitte
67123,14171205148110839580,14,7,13,000,2017,12,23,3,3,5,3,0,1,0,0,0,2,0,"730260,660700000010000","5701140,807599999900000",12.311495299000057,51.414646796000056,8,8,8,Nordwest
67132,14171222144200921640,14,7,13,000,2017,12,11,6,3,2,6,0,1,0,0,0,0,0,"742195,269899999960000","5694717,020200000100000",12.478422268000031,51.352020707000065,2,2,2,Ost
67160,14171204148410843360,14,7,13,000,2017,12,06,2,2,6,2,0,1,1,0,0,2,1,"736315,293900000050000","5694358,087299999800000",12.393896471000062,51.351273967000054,0,0,0,Mitte
67162,14171204148110834420,14,7,13,000,2017,12,05,2,3,2,6,0,1,0,0,0,1,1,"733903,927000000030000","5696952,515900000000000",12.361035499000025,51.37556017000003,9,9,9,Nord
67163,14171204144200959590,14,7,13,000,2017,12,14,2,3,6,2,0,1,1,0,0,0,0,"731965,537099999960000","5692425,393000000200000",12.330281825000043,51.33571643000005,7,7,7,Alt-West
67164,14171204144200909660,14,7,13,000,2017,12,18,2,2,6,4,0,1,1,0,0,2,1,"727569,285999999960000","5693344,223000000200000",12.267864132000057,51.34574125300003,7,7,7,Alt-West
67166,14171204144200834030,14,7,13,000,2017,12,13,2,3,2,6,0,1,0,0,1,0,1,"740250,530499999990000","5695912,553999999500000",12.45135368700005,51.363576685000055,2,2,2,Ost
67184,14171221148310898460,14,7,13,000,2017,12,01,5,3,0,1,0,0,0,1,0,2,1,"732300,607300000030000","5692440,435100000400000",12.335093426000071,51.33571469600008,7,7,7,Alt-West