OBJECTID,UIDENTSTLA,ULAND,UREGBEZ,UKREIS,UGEMEINDE,UJAHR,UMONAT,USTUNDE,UWOCHENTAG,UKATEGORIE,UART,UTYP1,IstRad,IstPKW,IstFuss,IstKrad,IstSonstig,LICHT,STRZUSTAND,LINREFX,LINREFY,XGCSWGS84,YGCSWGS84,index_right,FID,SBZ,Name
67186,14171221144310898160,14,7,13,000,2017,12,17,5,3,2,6,0,1,0,0,0,1,1,"742924,172099999970000","5695021,834300000200000",12.489078044000053,51.354445455000075,2,2,2,Ost
67210,14171220148110902160,14,7,13,000,2017,12,18,4,3,2,6,0,1,0,0,0,2,0,"735962,358600000040000","5697123,145700000200000",12.390671612000062,51.37624027700008,9,9,9,Nord
67220,14171203148410847280,14,7,13,000,2017,12,17,1,3,1,1,0,1,0,0,0,2,1,"737417,430100000000000","5690744,646900000100000",12.407287105000023,51.318380243000036,3,3,3,Südost
67221,14171203144200841710,14,7,13,000,2017,12,17,1,3,3,2,0,1,0,0,0,2,2,"735550,561600000020000","5690263,160699999900000",12.38022705800006,51.314834044000065,4,4,4,Süd
67231,14171220144200071410,14,7,13,000,2017,12,19,4,3,5,3,0,1,0,0,0,2,1,"743389,233000000010000","5695195,838000000500000",12.495863303000021,51.35580821600007,2,2,2,Ost
67244,14171202144200847200,14,7,13,000,2017,12,22,7,2,5,3,1,1,0,0,0,2,0,"736426,456699999980000","5692747,029000000100000",12.394420274000026,51.336766606000026,3,3,3,Südost
67285,14171201148410826890,14,7,13,000,2017,12,06,6,3,6,4,0,1,1,0,0,2,1,"735388,459400000050000","5693535,477500000000000",12.380066544000044,51.34427454400003,0,0,0,Mitte
67286,14171201144310837490,14,7,13,000,2017,12,06,6,3,3,6,0,1,0,0,1,2,2,"735080,107199999970000","5700578,330799999600000",12.380305142000054,51.40762074600008,9,9,9,Nord
67331,14171218144200886200,14,7,13,000,2017,12,12,2,2,4,2,0,1,0,0,0,0,0,"742257,371099999990000","5694719,722099999900000",12.479314242000044,51.35201849300006,2,2,2,Ost
67363,14171130148210833200,14,7,13,000,2017,11,07,5,3,6,4,0,1,1,0,0,0,0,"741353,434699999980000","5686911,257799999800000",12.461073063000072,51.28231763900004,3,3,3,Südost
67419,14171129144200819810,14,7,13,000,2017,11,16,4,3,2,6,0,1,0,0,1,1,0,"731141,208400000000000","5700374,558799999800000",12.323636735000036,51.407410199000026,8,8,8,Nordwest
158681,14170103148410841320,14,7,13,000,2017,01,06,3,3,6,4,0,1,1,0,0,2,1,"735761,395699999990000","5693475,751699999900000",12.385372159000042,51.343583909000074,0,0,0,Mitte
158682,14170103148313895900,14,7,13,000,2017,01,11,3,3,5,3,1,1,0,0,0,0,1,"727210,545599999950000","5693564,957200000100000",12.262862518000077,51.34786635300003,7,7,7,Alt-West
158685,14170103144200837750,14,7,13,000,2017,01,19,3,3,1,5,1,1,0,0,0,1,1,"735062,024800000010000","5690744,758200000000000",12.37354687900006,51.31935903900006,4,4,4,Süd
158694,14170102144200846380,14,7,13,000,2017,01,08,2,3,2,6,0,1,0,0,0,0,2,"733460,081899999990000","5695497,140900000000000",12.353713928000047,51.362678610000046,9,9,9,Nord
158695,14170102144200838560,14,7,13,000,2017,01,16,2,3,0,1,1,0,0,0,0,1,2,"739911,120000000000000","5693142,307699999800000",12.444620118000046,51.338855239000054,2,2,2,Ost
158702,14170101144200004690,14,7,13,000,2017,01,01,1,2,8,1,0,1,0,0,1,2,0,"734942,617899999950000","5695273,239699999800000",12.374823511000045,51.36005771600003,9,9,9,Nord
158949,14170131148410925330,14,7,13,000,2017,01,07,3,3,5,3,0,1,0,0,1,1,1,"736916,195799999990000","5693172,517099999800000",12.401721266000038,51.340382032000036,2,2,2,Ost
158950,14170131148310978780,14,7,13,000,2017,01,10,3,3,5,3,0,1,0,0,1,0,1,"732323,027200000010000","5690631,355999999700000",12.334235505000038,51.31946588500006,5,5,5,Südwest
158951,14170131148310922110,14,7,13,000,2017,01,15,3,3,2,2,0,1,0,0,0,0,1,"732610,307500000000000","5692303,850399999900000",12.339442449000046,51.33436203300005,7,7,7,Alt-West
158952,14170131148220918700,14,7,13,000,2017,01,18,3,3,8,1,0,1,0,0,0,2,1,"739377,345800000010000","5687392,019600000200000",12.433112313000038,51.28746648600003,3,3,3,Südost
158953,14170131145200962950,14,7,13,000,2017,01,18,3,3,2,6,0,1,0,0,0,2,2,"730760,256999999980000","5696291,546900000400000",12.315515884000035,51.37091282800003,8,8,8,Nordwest
158954,14170131144200922160,14,7,13,000,2017,01,16,3,2,5,3,0,1,0,1,0,0,1,"731774,915700000010000","5691018,167100000200000",12.32663486000007,51.32316173500004,5,5,5,Südwest
158963,14170130148410962430,14,7,13,000,2017,01,15,2,3,0,5,1,1,0,0,0,0,1,"737183,044499999960000","5693747,436400000000000",12.405928424000024,51.34543130900005,2,2,2,Ost
158964,14170130148410941500,14,7,13,000,2017,01,11,2,2,3,2,1,0,0,0,1,0,1,"736590,451600000030000","5693783,835599999900000",12.397459110000057,51.34600494400007,2,2,2,Ost
158965,14170130148110945280,14,7,13,000,2017,01,06,2,3,5,2,0,1,0,0,1,2,0,"740593,357599999990000","5700200,469600000400000",12.459172586000022,51.40191790500006,1,1,1,Nordost
158977,14170129145200918850,14,7,13,000,2017,01,17,1,3,5,3,0,1,0,0,0,2,0,"739916,308700000050000","5694544,900200000000000",12.44563953200003,51.35144229900004,2,2,2,Ost
158980,14170128144200925430,14,7,13,000,2017,01,16,7,2,6,4,0,0,1,0,1,1,0,"735550,809000000010000","5692968,872999999700000",12.382018687000027,51.339121299000055,0,0,0,Mitte
158990,14170127148110915310,14,7,13,000,2017,01,21,6,3,3,5,1,1,0,0,0,2,0,"734323,519199999980000","5695883,455699999800000",12.366348993000031,51.36579089900005,9,9,9,Nord
158991,14170127144200918870,14,7,13,000,2017,01,16,6,2,6,4,0,1,1,0,0,0,1,"740171,912600000040000","5689261,167100000200000",12.445742979000045,51.30390913300005,3,3,3,Südost
158996,14170126662218912230,14,7,13,000,2017,01,11,5,3,5,3,1,0,0,0,1,0,0,"733852,367600000000000","5693450,081500000300000",12.357993718000046,51.34414187500005,0,0,0,Mitte
159000,14170126148421903730,14,7,13,000,2017,01,08,5,3,6,4,0,0,1,0,1,0,0,"735059,332000000050000","5690445,627000000300000",12.373311135000051,51.31667502700003,4,4,4,Süd
159001,14170126148420925410,14,7,13,000,2017,01,15,5,3,0,7,1,1,0,0,0,0,0,"735162,725199999990000","5693393,618300000200000",12.37673747100007,51.34309457900008,0,0,0,Mitte
159002,14170126144200912330,14,7,13,000,2017,01,23,5,3,8,1,0,1,0,0,0,2,0,"736394,456000000010000","5695219,048000000400000",12.395603163000033,51.358969165000076,9,9,9,Nord
159003,14170126144200912310,14,7,13,000,2017,01,11,5,2,3,2,1,1,0,0,0,0,0,"736772,342100000010000","5692024,735299999800000",12.398896860000036,51.33013929300006,3,3,3,Südost
159009,14170125148410941530,14,7,13,000,2017,01,10,4,3,2,6,0,1,0,0,0,0,1,"734841,433399999980000","5691788,823699999600000",12.371074681000039,51.32882209400003,0,0,0,Mitte
159010,14170125148310907540,14,7,13,000,2017,01,19,4,3,2,6,0,1,0,1,0,2,1,"728459,467999999990000","5689501,219999999700000",12.278161128000022,51.310884619000035,6,6,6,West
159015,14170124662221912170,14,7,13,000,2017,01,11,3,3,2,2,0,1,0,0,0,0,2,"734189,724500000010000","5692886,017300000400000",12.362458108000055,51.338939710000034,0,0,0,Mitte
159017,14170124148321907670,14,7,13,000,2017,01,10,3,3,6,4,0,0,1,0,1,0,1,"729035,337500000020000","5690833,819699999900000",12.287265508000075,51.322616219000054,6,6,6,West
159018,14170124145200915430,14,7,13,000,2017,01,20,3,3,5,2,0,1,0,0,0,2,2,"732335,950700000040000","5696217,405000000300000",12.338065553000035,51.369604964000075,8,8,8,Nordwest
159019,14170124144200911960,14,7,13,000,2017,01,09,3,3,1,1,0,1,0,0,1,0,2,"734609,497800000010000","5692808,514299999900000",12.368422925000061,51.33807098300008,0,0,0,Mitte
159029,14170123148210904030,14,7,13,000,2017,01,08,2,3,5,3,0,1,0,0,0,0,2,"742139,202200000060000","5692840,401899999900000",12.47634256400005,51.335201194000035,2,2,2,Ost
159030,14170123148120915020,14,7,13,000,2017,01,16,2,3,0,1,0,0,0,1,0,0,1,"737498,405400000050000","5697058,915500000100000",12.412659073000043,51.37502347100008,1,1,1,Nordost
159031,14170123148110915070,14,7,13,000,2017,01,07,2,3,2,6,0,1,0,0,0,1,2,"736123,902600000030000","5695573,309100000200000",12.391959352000072,51.362261559000046,9,9,9,Nord
159032,14170123144200915270,14,7,13,000,2017,01,15,2,2,5,2,0,1,0,0,0,0,0,"735739,208699999960000","5695364,434600000300000",12.386305113000049,51.36054639000008,9,9,9,Nord
159033,14170123144200895320,14,7,13,000,2017,01,21,2,3,5,3,0,1,0,0,0,1,1,"734977,557999999960000","5696036,123999999800000",12.375828458000058,51.36689116400004,9,9,9,Nord
159042,14170122148410925180,14,7,13,000,2017,01,01,1,3,3,6,0,1,0,0,0,2,1,"735762,247600000000000","5692887,699400000300000",12.384995091000064,51.33830504100007,0,0,0,Mitte
159043,14170122148410897120,14,7,13,000,2017,01,15,1,3,2,6,0,1,0,0,0,0,0,"733391,661399999980000","5693501,532999999800000",12.351424114000054,51.34479303900008,0,0,0,Mitte
159049,14170121148410897050,14,7,13,000,2017,01,09,7,3,2,2,0,1,0,0,0,0,0,"736065,133000000030000","5693821,957899999800000",12.389954958000033,51.34656550500006,0,0,0,Mitte
159050,14170121148210895830,14,7,13,000,2017,01,15,7,3,3,6,1,1,0,0,0,0,1,"738234,677499999990000","5692403,547500000300000",12.420102102000044,51.33292895500006,2,2,2,Ost
159051,14170121144200895800,14,7,13,000,2017,01,15,7,2,8,1,0,1,0,0,0,0,0,"739639,029499999950000","5692335,628300000000000",12.440178433000028,51.331729402000065,2,2,2,Ost
159057,14170120144200895230,14,7,13,000,2017,01,19,6,3,2,2,0,1,0,0,0,2,1,"736839,668599999980000","5695882,025299999900000",12.402427575000047,51.36473472100005,1,1,1,Nordost
159063,14170119144200997730,14,7,13,000,2017,01,12,5,3,6,4,0,1,1,0,0,0,0,"730920,526900000060000","5691779,221599999800000",12.314887063000072,51.33034107100008,7,7,7,Alt-West
159064,14170119144200903980,14,7,13,000,2017,01,19,5,3,3,2,1,1,0,0,0,2,1,"734744,267200000000000","5690902,770300000000000",12.369099001000052,51.32090859400006,4,4,4,Süd
159065,14170119144200896230,14,7,13,000,2017,01,10,5,3,5,3,0,1,0,0,0,0,0,"732057,994900000050000","5692938,025500000500000",12.33194078300005,51.34028049300008,7,7,7,Alt-West
159066,14170119144200895700,14,7,13,000,2017,01,17,5,3,5,3,0,1,0,0,0,2,2,"739759,484999999990000","5688233,365600000100000",12.439147079000065,51.294857585000045,3,3,3,Südost
159080,14170118148110894960,14,7,13,000,2017,01,08,4,3,5,3,0,1,0,0,1,0,1,"736523,635499999970000","5699827,051099999800000",12.400522269000021,51.40027721400003,9,9,9,Nord
159087,14170117144200989780,14,7,13,000,2017,01,17,3,2,6,4,0,1,1,0,0,2,1,"737422,108099999950000","5697076,047700000000000",12.411576274000026,51.37520914900006,1,1,1,Nordost
159097,14170115148210895520,14,7,13,000,2017,01,09,1,3,8,1,0,1,0,0,0,0,1,"737777,006399999950000","5690339,024199999900000",12.41216730900004,51.314589228000045,3,3,3,Südost
159101,14170114144200895490,14,7,13,000,2017,01,20,7,3,1,1,0,1,0,0,0,2,2,"737786,042000000020000","5691448,170699999700000",12.413036345000023,51.324541201000045,3,3,3,Südost
159107,14170113144200942170,14,7,13,000,2017,01,17,6,3,2,6,0,1,0,0,0,2,1,"735547,621900000030000","5692911,949799999600000",12.381935369000075,51.33861165900004,0,0,0,Mitte
159108,14170113144200877350,14,7,13,000,2017,01,21,6,3,5,2,0,1,0,0,0,2,1,"734785,626500000010000","5692497,857400000100000",12.370742262000022,51.33520971100006,0,0,0,Mitte
159109,14170113144200876250,14,7,13,000,2017,01,17,6,3,2,6,0,1,0,0,0,2,1,"732934,033999999990000","5691046,791799999800000",12.34325990800005,51.32294534400006,5,5,5,Südwest
159120,14170112148210870810,14,7,13,000,2017,01,17,5,3,2,6,0,1,0,0,1,1,0,"735037,643000000040000","5691567,233000000000000",12.373739841000031,51.326751976000025,0,0,0,Mitte
159126,14170111144200927380,14,7,13,000,2017,01,07,4,3,5,2,0,1,0,0,1,2,0,"734005,667000000020000","5695599,555999999900000",12.36160430600006,51.36337349900003,9,9,9,Nord
159127,14170111144200896560,14,7,13,000,2017,01,16,4,3,5,3,0,1,0,0,0,1,1,"736082,317999999970000","5692628,802100000000000",12.38941034800007,51.33584833500004,0,0,0,Mitte
159133,14170110148320868700,14,7,13,000,2017,01,07,3,3,6,2,0,1,1,0,0,1,0,"729837,925500000010000","5694448,757299999700000",12.301096929000039,51.35474406900005,7,7,7,Alt-West
159134,14170110144200955930,14,7,13,000,2017,01,12,3,3,2,6,0,1,0,0,0,0,1,"735650,820599999980000","5696613,828200000300000",12.385865714000033,51.371797892000075,9,9,9,Nord
159135,14170110144200863800,14,7,13,000,2017,01,12,3,3,0,3,0,1,0,0,1,0,0,"736509,993600000050000","5693465,159900000300000",12.396094236000067,51.343177936000075,0,0,0,Mitte
159136,14170110144200863760,14,7,13,000,2017,01,18,3,2,6,2,0,1,1,0,0,2,2,"736747,572000000040000","5689060,222000000100000",12.39657403900003,51.303539569000066,4,4,4,Süd
159149,14170109144200853720,14,7,13,000,2017,01,17,2,2,6,2,0,1,1,0,0,2,1,"735856,689800000050000","5692451,582899999800000",12.38605977900005,51.33435118300008,0,0,0,Mitte
159150,14170109144200000190,14,7,13,000,2017,01,16,2,2,4,6,0,1,0,0,1,0,1,"740844,141700000040000","5693944,018000000200000",12.458532388000037,51.34565667500004,2,2,2,Ost
159156,14170108148210868690,14,7,13,000,2017,01,00,1,3,9,1,0,1,0,0,0,2,2,"740523,914699999960000","5687416,944799999700000",12.449541103000058,51.28720730800006,3,3,3,Südost
159157,14170108144200840920,14,7,13,000,2017,01,09,1,3,9,1,0,1,0,0,0,0,2,"731820,932299999990000","5689250,677500000200000",12.326145336000025,51.30727650800003,5,5,5,Südwest
159158,14170107148410842120,14,7,13,000,2017,01,23,7,3,2,6,0,1,0,0,0,2,2,"737074,314299999970000","5692966,396900000100000",12.403850090000049,51.338465978000045,3,3,3,Südost
159159,14170107148210863880,14,7,13,000,2017,01,14,7,3,0,7,0,0,0,0,1,0,0,"736746,107100000020000","5688813,269100000200000",12.396389266000028,51.30132347500006,4,4,4,Süd
159167,14170106148210863890,14,7,13,000,2017,01,16,6,3,5,3,0,1,0,0,0,1,2,"739646,706400000020000","5691406,301199999600000",12.439663586000052,51.323384737000026,2,2,2,Ost
159168,14170106144200860910,14,7,13,000,2017,01,12,6,3,4,1,0,1,0,0,0,0,2,"727420,205800000000000","5688242,677799999700000",12.262472744000036,51.30000230500008,6,6,6,West
159169,14170106144200841200,14,7,13,000,2017,01,14,6,3,5,3,1,1,0,0,0,0,2,"733704,511999999990000","5697348,756500000100000",12.35843589600006,51.379199103000076,9,9,9,Nord
159180,14170105148410871390,14,7,13,000,2017,01,18,5,3,5,3,1,1,0,0,0,2,0,"735060,595300000040000","5690779,976499999900000",12.373549617000037,51.31967576300008,4,4,4,Süd
159181,14170105148210867570,14,7,13,000,2017,01,07,5,3,3,5,1,0,0,0,1,0,1,"735055,783199999950000","5690547,047899999700000",12.373327148000044,51.31758688800005,4,4,4,Süd
159182,14170105148110841210,14,7,13,000,2017,01,17,5,3,6,2,0,1,1,0,0,2,2,"737505,179899999990000","5697075,554800000000000",12.412767350000024,51.375169991000064,1,1,1,Nordost
159183,14170105144200896450,14,7,13,000,2017,01,14,5,2,6,4,0,0,1,0,1,0,0,"736524,364100000010000","5692235,390399999900000",12.395483639000076,51.33213333500004,3,3,3,Südost
159184,14170105144200853730,14,7,13,000,2017,01,22,5,3,5,3,0,1,0,0,0,2,2,"730722,376900000030000","5693726,401899999900000",12.313309037000067,51.34790118900003,7,7,7,Alt-West
159185,14170105143219896430,14,7,13,000,2017,01,06,5,3,0,1,1,0,1,0,0,1,2,"735760,863299999970000","5693287,063500000200000",12.385239609000052,51.34189041500008,0,0,0,Mitte
159192,14170104144320864830,14,7,13,000,2017,01,23,4,2,8,1,0,1,0,0,0,2,2,"737379,825500000040000","5692884,564600000200000",12.408173679000072,51.337604002000035,3,3,3,Südost
159195,14170201148310955580,14,7,13,000,2017,02,10,4,3,5,3,0,1,0,0,0,0,1,"729707,753799999950000","5690340,816599999600000",12.296581738000043,51.31791941100005,6,6,6,West
159203,14170202148110945490,14,7,13,000,2017,02,07,5,3,6,4,0,1,1,0,0,2,0,"736467,520499999980000","5694660,544200000400000",12.396279539000034,51.35392555800007,1,1,1,Nordost
159204,14170202148110955320,14,7,13,000,2017,02,06,5,3,2,6,0,1,0,0,0,2,1,"728020,357899999940000","5699583,586400000400000",12.278332437000074,51.40157259500006,8,8,8,Nordwest
159206,14170201144200931410,14,7,13,000,2017,02,09,4,3,5,3,0,1,0,0,0,0,1,"735641,079000000030000","5690359,222000000100000",12.381587048000029,51.31565885400005,4,4,4,Süd
159207,14170201144200945530,14,7,13,000,2017,02,07,4,3,0,5,1,1,0,0,0,0,0,"737191,033999999990000","5694511,436099999600000",12.406551981000064,51.35228568200006,1,1,1,Nordost
159213,14170202145200945070,14,7,13,000,2017,02,19,5,3,4,2,1,1,0,0,0,2,0,"733178,269100000030000","5695859,304200000100000",12.349910488000035,51.366045314000075,8,8,8,Nordwest
159217,14170202143212945550,14,7,13,000,2017,02,16,5,3,6,2,0,1,1,0,0,0,1,"734392,648500000010000","5696041,287300000000000",12.367444307000028,51.367179141000065,9,9,9,Nord
159218,14170302148110004770,14,7,13,000,2017,03,11,5,3,5,5,0,1,0,0,0,0,0,"738878,484900000040000","5696941,734899999600000",12.432372841000074,51.37339290300008,1,1,1,Nordost
159219,14170302144200076740,14,7,13,000,2017,03,20,5,3,5,3,1,1,0,0,0,2,0,"742271,032299999960000","5694562,796699999800000",12.47940324600006,51.35060420800005,2,2,2,Ost
159221,14170302144200072400,14,7,13,000,2017,03,08,5,2,5,3,1,1,0,0,0,0,1,"738825,300999999980000","5695758,216000000000000",12.430815254000038,51.36279224400005,1,1,1,Nordost
159222,14170302144200004700,14,7,13,000,2017,03,03,5,2,4,6,0,1,0,0,0,2,1,"731752,938599999990000","5693946,347900000400000",12.328224950000049,51.349456401000054,7,7,7,Alt-West
159223,14170302144200004660,14,7,13,000,2017,03,14,5,3,2,6,0,1,0,0,0,0,0,"737184,498700000000000","5694044,587799999900000",12.406147227000076,51.348097953000035,2,2,2,Ost
159235,14170301148210003960,14,7,13,000,2017,03,10,4,3,2,2,0,1,0,0,0,0,1,"737463,133599999940000","5693070,324799999600000",12.409491337000077,51.33923661500006,2,2,2,Ost
159236,14170301144200003650,14,7,13,000,2017,03,06,4,2,6,2,0,1,1,0,0,2,1,"730732,174499999960000","5693730,521599999600000",12.31345215400006,51.34793419500005,7,7,7,Alt-West
159237,14170301144200003590,14,7,13,000,2017,03,10,4,3,5,2,0,1,0,0,0,0,1,"731433,224599999960000","5693320,367600000500000",12.323234888000059,51.34396734100005,7,7,7,Alt-West
159247,14170228148421024850,14,7,13,000,2017,02,13,3,3,0,7,1,1,0,0,0,0,0,"736158,307200000040000","5693166,571200000100000",12.390855801000043,51.34064392100004,0,0,0,Mitte
159248,14170228148410005660,14,7,13,000,2017,02,15,3,3,3,2,1,1,0,0,0,0,0,"733715,132800000020000","5692454,052400000400000",12.355373146000034,51.33525740700003,0,0,0,Mitte
159249,14170228148110022410,14,7,13,000,2017,02,06,3,3,2,6,0,1,0,0,0,1,1,"729997,312999999970000","5697071,752000000300000",12.305078516000037,51.378226135000034,8,8,8,Nordwest
159250,14170228144200006010,14,7,13,000,2017,02,20,3,3,1,1,0,1,0,0,0,2,0,"734052,730600000010000","5696685,309600000300000",12.362993807000066,51.37310030900005,9,9,9,Nord
159251,14170228144200003620,14,7,13,000,2017,02,14,3,3,6,2,0,1,1,0,0,0,0,"730478,562099999980000","5693852,022199999500000",12.309895321000056,51.34912777800008,7,7,7,Alt-West
159256,14170227148410024820,14,7,13,000,2017,02,07,2,3,5,3,1,1,0,0,0,0,0,"736153,010600000040000","5692936,979299999800000",12.390627668000036,51.338585254000066,0,0,0,Mitte
159259,14170227144200004670,14,7,13,000,2017,02,05,2,3,6,4,0,1,1,0,0,2,0,"735102,291800000010000","5697013,868800000300000",12.378263678000053,51.37561607600003,9,9,9,Nord
159275,14170225148410989210,14,7,13,000,2017,02,08,7,3,5,3,1,1,0,0,0,0,0,"736574,721099999970000","5691291,333100000400000",12.395578561000036,51.32363835700005,0,0,0,Mitte
159276,14170225148110005170,14,7,13,000,2017,02,00,7,3,5,3,1,1,0,0,0,2,0,"739105,897800000040000","5699447,436700000400000",12.437320611000075,51.395787693000045,1,1,1,Nordost
159278,14170224148410982090,14,7,13,000,2017,02,12,6,3,5,3,1,1,0,0,0,0,1,"734409,999700000040000","5692648,686800000300000",12.365458749000027,51.33671856600006,0,0,0,Mitte
159279,14170224148110023970,14,7,13,000,2017,02,18,6,3,6,4,0,1,1,0,0,2,1,"732445,659699999960000","5692603,502500000400000",12.337278525000045,51.33711924000005,7,7,7,Alt-West
159280,14170224144200992790,14,7,13,000,2017,02,15,6,3,5,3,1,1,0,0,0,0,1,"742266,485899999970000","5694598,009100000400000",12.479362048000041,51.35092219000006,2,2,2,Ost
159282,14170224144200024780,14,7,13,000,2017,02,15,6,3,1,7,0,1,0,1,0,0,1,"737555,249500000030000","5693649,475800000100000",12.411197738000055,51.34439661600004,2,2,2,Ost
159287,14170223144200079510,14,7,13,000,2017,02,20,5,3,6,2,0,1,1,0,0,2,0,"737374,891500000030000","5693152,803700000000000",12.40828173400007,51.34001379100005,2,2,2,Ost
159288,14170223144200037650,14,7,13,000,2017,02,18,5,3,5,3,0,1,0,0,0,2,0,"727257,222700000040000","5689153,293899999900000",12.260718576000045,51.30824239300006,6,6,6,West
159301,14170221148310975750,14,7,13,000,2017,02,17,3,3,0,5,1,1,0,0,0,1,0,"732325,670700000020000","5690638,977400000200000",12.334278340000026,51.31953322100003,5,5,5,Südwest
159302,14170221144200421660,14,7,13,000,2017,02,13,3,3,5,3,1,1,0,0,0,0,0,"730179,930199999940000","5689969,983900000300000",12.303106626000044,51.314399637000065,5,5,5,Südwest
159307,14170220148410024760,14,7,13,000,2017,02,14,2,3,3,2,1,1,0,0,0,0,1,"734791,485600000010000","5691428,795099999800000",12.370121864000055,51.325610941000036,0,0,0,Mitte
159309,14170220144200978470,14,7,13,000,2017,02,14,2,3,2,2,0,1,0,0,0,0,1,"732229,402000000000000","5698980,552000000100000",12.33834353800006,51.394452321000074,8,8,8,Nordwest
159315,14170219148310978630,14,7,13,000,2017,02,09,1,3,5,3,1,1,0,0,0,0,0,"731017,825900000050000","5693986,247899999800000",12.31771285900004,51.35011380600008,7,7,7,Alt-West
159316,14170219144200978190,14,7,13,000,2017,02,20,1,2,8,1,0,1,0,0,0,1,1,"730733,932999999960000","5693732,680100000500000",12.313478761000056,51.34795285700005,7,7,7,Alt-West
159317,14170219144200978180,14,7,13,000,2017,02,12,1,3,6,4,1,0,1,0,0,0,0,"731525,687400000050000","5691815,504099999600000",12.323582105000071,51.33042078500006,7,7,7,Alt-West
159323,14170218148420986440,14,7,13,000,2017,02,13,7,3,2,6,1,1,0,0,0,0,0,"735398,772400000020000","5690912,226499999900000",12.37848133500006,51.32072309600005,4,4,4,Süd
159331,14170217148310981730,14,7,13,000,2017,02,21,6,3,4,1,0,1,0,0,0,2,1,"731696,063199999980000","5692812,615700000000000",12.326671915000077,51.33930230200008,7,7,7,Alt-West
159332,14170217148210986390,14,7,13,000,2017,02,10,6,3,2,6,0,1,0,0,0,0,0,"738334,804800000040000","5690884,321300000000000",12.420520989000067,51.319250501000056,3,3,3,Südost
159333,14170217144200984280,14,7,13,000,2017,02,15,6,3,2,6,0,1,0,0,0,0,1,"735406,387400000010000","5691402,955099999900000",12.378914449000035,51.32512490000005,0,0,0,Mitte
159334,14170217144200037170,14,7,13,000,2017,02,14,6,3,5,3,0,1,0,0,0,0,1,"741791,106099999980000","5686539,195600000200000",12.467085355000052,51.27879261600003,3,3,3,Südost
159345,14170216148410975080,14,7,13,000,2017,02,11,5,3,5,3,0,1,0,0,0,0,0,"737537,418100000010000","5693745,473500000300000",12.411006215000043,51.34526574300003,2,2,2,Ost
159346,14170216148310975020,14,7,13,000,2017,02,06,5,3,8,1,0,0,0,1,0,1,1,"729274,927299999980000","5691069,936300000200000",12.290850029000069,51.32463938200004,6,6,6,West
159347,14170216148310975000,14,7,13,000,2017,02,10,5,3,0,3,1,1,0,0,0,0,0,"728509,904800000020000","5694910,638700000000000",12.282353283000077,51.35942597600007,7,7,7,Alt-West
159348,14170216144200984210,14,7,13,000,2017,02,10,5,3,5,3,1,1,0,0,0,0,0,"734916,304600000030000","5689438,356900000000000",12.37059907400004,51.30769237900006,4,4,4,Süd
159359,14170215144200974330,14,7,13,000,2017,02,18,4,2,5,3,1,1,0,0,0,1,0,"736464,498900000010000","5699868,796500000200000",12.399701477000065,51.40067657000003,9,9,9,Nord
159361,14170215144200177140,14,7,13,000,2017,02,09,4,2,0,1,0,0,0,0,1,0,1,"734324,619500000030000","5692758,094999999700000",12.364307171000064,51.33773585100005,0,0,0,Mitte
159362,14170215144200076700,14,7,13,000,2017,02,12,4,3,2,6,0,1,0,0,1,0,0,"736367,140699999990000","5693790,276600000400000",12.39426266700002,51.34615564500007,0,0,0,Mitte
159370,14170214148210984520,14,7,13,000,2017,02,08,3,2,5,3,0,1,0,0,0,0,0,"742465,095199999980000","5692811,274000000200000",12.480992255000046,51.334800923000046,2,2,2,Ost
159371,14170214144200984220,14,7,13,000,2017,02,07,3,3,5,3,0,1,0,0,0,0,0,"733607,186800000020000","5694063,872999999700000",12.354882283000052,51.34975239000005,0,0,0,Mitte
159372,14170214144200971860,14,7,13,000,2017,02,16,3,2,4,2,0,1,0,0,0,0,0,"736466,321000000000000","5687480,991999999600000",12.391500712000038,51.28948084500007,4,4,4,Süd
159373,14170214144200068020,14,7,13,000,2017,02,12,3,3,6,6,0,1,1,0,0,0,0,"733268,011799999980000","5692086,998100000400000",12.348725442000045,51.332146066000064,5,5,5,Südwest
159376,14170213144200971900,14,7,13,000,2017,02,08,2,3,5,3,1,1,0,0,0,0,0,"731976,037699999990000","5693977,012099999900000",12.331443067000066,51.34964066600003,7,7,7,Alt-West
159377,14170213144200024720,14,7,13,000,2017,02,19,2,2,6,4,0,0,1,0,1,2,0,"736872,080500000040000","5693770,604399999600000",12.401486875000046,51.34576891100005,2,2,2,Ost
159384,14170212144200955310,14,7,13,000,2017,02,07,1,2,9,1,0,1,0,0,1,0,0,"736759,367699999940000","5692258,833900000000000",12.398866498000075,51.332245999000065,3,3,3,Südost