OBJECTID,UIDENTSTLA,ULAND,UREGBEZ,UKREIS,UGEMEINDE,UJAHR,UMONAT,USTUNDE,UWOCHENTAG,UKATEGORIE,UART,UTYP1,IstRad,IstPKW,IstFuss,IstKrad,IstSonstig,LICHT,STRZUSTAND,LINREFX,LINREFY,XGCSWGS84,YGCSWGS84,index_right,FID,SBZ,Name
159385,14170211148410950820,14,7,13,000,2017,02,00,7,3,8,1,0,1,0,0,0,2,0,"733646,886500000020000","5692905,066100000400000",12.354690983000069,51.33933399800003,0,0,0,Mitte
159389,14170210148210971950,14,7,13,000,2017,02,10,6,3,1,7,0,1,0,0,0,0,0,"740802,171800000010000","5690356,019000000300000",12.455506553000077,51.31346995700005,3,3,3,Südost
159390,14170210144200962310,14,7,13,000,2017,02,19,6,2,6,4,0,1,1,0,0,1,0,"732272,012600000020000","5691215,660100000000000",12.333885352000038,51.324731873000076,5,5,5,Südwest
159391,14170210144200950170,14,7,13,000,2017,02,23,6,2,3,6,1,1,0,0,0,2,0,"734778,782000000010000","5692840,788900000000000",12.37087019300003,51.33829083000006,0,0,0,Mitte
159404,14170208144200955920,14,7,13,000,2017,02,10,4,3,5,3,1,1,0,0,0,0,0,"727035,772000000000000","5692880,836000000100000",12.259920818000069,51.34179455100008,7,7,7,Alt-West
159410,14170207148310963410,14,7,13,000,2017,02,07,3,3,3,2,0,1,0,0,1,0,1,"730801,832999999980000","5691702,540400000300000",12.31313659600005,51.329700880000075,7,7,7,Alt-West
159411,14170207148310936620,14,7,13,000,2017,02,07,3,3,1,6,0,1,0,0,0,1,1,"731923,910099999980000","5688235,867399999900000",12.326960773000053,51.298124759000075,5,5,5,Südwest
159412,14170207145200024680,14,7,13,000,2017,02,20,3,3,3,6,1,0,0,0,0,2,0,"734179,068699999950000","5692173,451799999900000",12.361836997000069,51.33254776100006,0,0,0,Mitte
159413,14170207144200957060,14,7,13,000,2017,02,18,3,3,5,3,1,1,0,0,0,1,0,"732550,829000000030000","5692616,781000000400000",12.33879438300005,51.33719544100006,7,7,7,Alt-West
159414,14170207144200936530,14,7,13,000,2017,02,00,3,3,0,7,0,1,0,0,0,2,2,"733208,510699999980000","5690757,071300000000000",12.347002709000037,51.32023219300004,5,5,5,Südwest
159415,14170207144200931520,14,7,13,000,2017,02,06,3,3,5,3,1,0,0,0,1,0,0,"735065,489100000010000","5690672,663999999900000",12.373548981000056,51.31871046100008,4,4,4,Süd
159419,14170206148121945260,14,7,13,000,2017,02,07,2,3,6,4,0,1,1,0,0,1,1,"736703,267600000020000","5697354,952700000300000",12.401452404000054,51.37801267000003,1,1,1,Nordost
159420,14170206144200945240,14,7,13,000,2017,02,12,2,3,6,4,0,1,1,0,0,0,1,"737503,833499999950000","5695345,406600000300000",12.41159250800007,51.359640787000046,1,1,1,Nordost
159421,14170206144200936520,14,7,13,000,2017,02,16,2,3,5,3,0,1,0,0,1,0,1,"728868,073500000060000","5691002,297700000000000",12.284977224000045,51.32419598700005,6,6,6,West
159427,14170205148110945040,14,7,13,000,2017,02,16,1,3,6,7,0,0,1,0,1,1,0,"735470,239799999980000","5697584,797399999600000",12.383919233000029,51.38058842200007,9,9,9,Nord
159444,14170201148410941480,14,7,13,000,2017,02,06,4,3,5,3,1,1,0,0,0,2,0,"735594,762800000030000","5693122,439100000100000",12.382750170000065,51.340481545000046,0,0,0,Mitte
159446,14170202144200936660,14,7,13,000,2017,02,07,5,3,5,3,0,1,0,0,0,0,1,"727242,755299999960000","5693206,224000000400000",12.26309529100007,51.344632997000076,7,7,7,Alt-West
159449,14170323148410112980,14,7,13,000,2017,03,16,5,3,3,2,1,1,0,0,0,0,0,"734191,091999999950000","5692884,765999999800000",12.362476883000056,51.33892791400007,0,0,0,Mitte
159450,14170323148210060660,14,7,13,000,2017,03,06,5,3,4,2,0,1,0,0,0,0,1,"738360,367399999990000","5690895,509600000500000",12.420894634000035,51.31934022100006,3,3,3,Südost
159451,14170323144200118890,14,7,13,000,2017,03,09,5,3,5,3,1,1,0,0,0,0,1,"735643,755000000000000","5692428,938799999700000",12.382993542000065,51.334236184000076,0,0,0,Mitte
159452,14170323144200116210,14,7,13,000,2017,03,10,5,3,0,5,1,1,0,0,0,0,0,"733891,320599999980000","5695628,773400000300000",12.359983912000075,51.36368285100008,9,9,9,Nord
159453,14170323144200077060,14,7,13,000,2017,03,19,5,2,0,5,1,1,0,0,0,1,0,"735044,450700000040000","5690940,571999999700000",12.373424206000038,51.32112400300008,4,4,4,Süd
159454,14170323144200072570,14,7,13,000,2017,03,18,5,3,0,7,0,1,0,0,0,1,0,"736558,140800000050000","5692238,198200000500000",12.39596947800004,51.332144492000054,3,3,3,Südost
159455,14170323143212076370,14,7,13,000,2017,03,15,5,3,3,7,1,1,0,0,0,0,0,"733026,989999999990000","5698130,638700000000000",12.349230324000075,51.38649613600006,8,8,8,Nordwest
159468,14170324144200081920,14,7,13,000,2017,03,20,6,3,5,3,1,1,0,0,0,2,0,"736852,140999999950000","5693047,371000000300000",12.40072006400004,51.339285389000054,3,3,3,Südost
159469,14170324144200072280,14,7,13,000,2017,03,16,6,2,4,2,0,1,0,1,0,0,0,"743010,457799999970000","5691494,581899999600000",12.487908523000044,51.32275044900007,2,2,2,Ost
159470,14170324144200067830,14,7,13,000,2017,03,16,6,2,4,2,1,1,0,0,0,0,0,"743209,823800000010000","5694191,483699999700000",12.492605291000075,51.34687070100006,2,2,2,Ost
159471,14170324144200067820,14,7,13,000,2017,03,19,6,3,6,2,0,1,1,0,0,2,0,"742290,916699999940000","5694031,220499999800000",12.479326474000061,51.345824641000036,2,2,2,Ost
159478,14170322144200061350,14,7,13,000,2017,03,19,4,3,5,3,0,1,0,0,0,1,0,"734607,223299999950000","5692452,545800000400000",12.368155899000044,51.334876595000026,0,0,0,Mitte
159479,14170322144200060220,14,7,13,000,2017,03,11,4,2,5,3,1,0,0,0,0,0,0,"733829,613400000030000","5697132,774299999700000",12.360088229000041,51.37720885200008,9,9,9,Nord
159485,14170323149210060670,14,7,13,000,2017,03,19,5,3,2,6,0,1,0,0,0,1,0,"739994,307000000030000","5687992,127999999600000",12.442346763000046,51.29259338700007,3,3,3,Südost
159496,14170321144200079470,14,7,13,000,2017,03,13,3,3,2,6,0,0,0,1,1,0,0,"735474,994199999960000","5697573,239500000100000",12.383979771000043,51.38048270500008,9,9,9,Nord
159497,14170321144200068000,14,7,13,000,2017,03,10,3,3,2,6,0,1,0,1,0,0,0,"735253,162000000010000","5688912,312900000300000",12.375076571000022,51.30283129000003,4,4,4,Süd
159509,14170320148310060850,14,7,13,000,2017,03,14,2,3,2,6,0,1,0,0,1,0,0,"731511,790999999970000","5693257,187099999700000",12.324319936000052,51.34336819500004,7,7,7,Alt-West
159510,14170320148310060810,14,7,13,000,2017,03,17,2,3,5,2,1,1,0,0,0,0,0,"733048,037099999960000","5691451,780000000300000",12.34515794500004,51.326534104000075,5,5,5,Südwest
159511,14170320148210060500,14,7,13,000,2017,03,13,2,3,0,1,1,0,0,0,0,0,0,"734650,219599999950000","5691383,860200000000000",12.368068359000063,51.32526586600005,0,0,0,Mitte
159512,14170320144200072630,14,7,13,000,2017,03,14,2,2,5,3,0,1,0,0,0,0,0,"729937,523799999970000","5694332,775600000300000",12.302449940000031,51.35366261400003,7,7,7,Alt-West
159513,14170320144200060860,14,7,13,000,2017,03,13,2,2,1,6,0,1,0,0,0,0,0,"731969,565100000010000","5693978,230000000400000",12.331351075000043,51.34965424000006,7,7,7,Alt-West
159514,14170320144200050510,14,7,13,000,2017,03,12,2,2,6,4,0,1,1,0,0,0,0,"733897,196000000000000","5692625,334499999900000",12.358094609000034,51.33672008000008,0,0,0,Mitte
159517,14170320144100061210,14,7,13,000,2017,03,17,2,3,2,6,0,1,0,0,0,0,0,"734055,164100000050000","5692305,665500000100000",12.360148378000076,51.33378557900005,0,0,0,Mitte
159530,14170319148410077500,14,7,13,000,2017,03,18,1,3,3,2,1,1,0,0,0,2,0,"734796,015099999960000","5692484,379499999800000",12.370882248000044,51.33508443900007,0,0,0,Mitte
159533,14170318144200473050,14,7,13,000,2017,03,22,7,3,4,2,0,1,0,0,0,2,1,"730723,697799999970000","5693725,459800000300000",12.313327361000063,51.34789219600003,7,7,7,Alt-West
159542,14170317144200171710,14,7,13,000,2017,03,12,6,3,5,3,0,1,0,0,1,0,0,"728649,634599999990000","5689575,705299999600000",12.280932766000035,51.311476937000066,6,6,6,West
159543,14170317144200049570,14,7,13,000,2017,03,18,6,3,6,4,0,1,1,0,0,0,1,"738882,810999999990000","5692224,786999999500000",12.429269014000056,51.33105259200005,2,2,2,Ost
159556,14170316148210060410,14,7,13,000,2017,03,08,5,3,5,3,1,1,0,0,0,0,0,"734743,957100000000000","5690558,384300000000000",12.368867847000047,51.31781735800007,4,4,4,Süd
159557,14170316148210050360,14,7,13,000,2017,03,15,5,3,5,3,1,1,0,0,0,0,0,"734703,949299999980000","5693184,803500000400000",12.37002446300005,51.34140973600006,0,0,0,Mitte
159558,14170316144320144400,14,7,13,000,2017,03,17,5,3,1,5,1,1,0,0,0,1,0,"731257,691899999980000","5692841,308100000000000",12.320407806000048,51.339738315000034,7,7,7,Alt-West
159559,14170316144200119260,14,7,13,000,2017,03,12,5,2,6,2,0,1,1,0,0,0,0,"738436,782000000010000","5690929,492999999800000",12.42201194300003,51.31961324200006,3,3,3,Südost
159560,14170316144200050380,14,7,13,000,2017,03,17,5,3,3,6,1,1,0,0,0,0,0,"736665,135600000040000","5693779,085199999600000",12.398526395000033,51.34593121900008,2,2,2,Ost
159561,14170316144200049530,14,7,13,000,2017,03,09,5,3,5,3,1,1,0,0,0,0,0,"739940,838800000030000","5694098,518500000200000",12.445690271000046,51.34742536300007,2,2,2,Ost
159571,14170315144200087510,14,7,13,000,2017,03,09,4,2,5,3,1,1,0,0,0,0,0,"737991,180700000030000","5697542,437599999800000",12.420050097000058,51.37915723300006,1,1,1,Nordost
159579,14170314148313080400,14,7,13,000,2017,03,13,3,3,1,5,1,1,0,0,0,0,0,"733857,007400000000000","5695339,799100000400000",12.359301908000077,51.361103005000075,9,9,9,Nord
159580,14170314148110049000,14,7,13,000,2017,03,16,3,3,2,6,1,1,0,0,0,0,0,"728872,311899999970000","5698572,761400000200000",12.289907938000056,51.39215535000005,8,8,8,Nordwest
159582,14170313148410049340,14,7,13,000,2017,03,12,2,3,5,3,0,1,0,0,0,0,0,"735279,393000000040000","5690883,204599999800000",12.376752027000066,51.320511957000065,4,4,4,Süd
159583,14170313148310037840,14,7,13,000,2017,03,07,2,3,5,3,0,1,0,0,0,0,0,"729707,840800000010000","5690340,750400000300000",12.296582942000043,51.31791878100006,6,6,6,West
159584,14170313144200076680,14,7,13,000,2017,03,15,2,3,5,3,1,1,0,0,0,0,0,"733615,492800000010000","5696851,884999999800000",12.35683240700007,51.37477558000006,9,9,9,Nord
159585,14170313144200049770,14,7,13,000,2017,03,12,2,3,2,2,0,1,0,0,0,0,0,"730637,059099999950000","5691654,130099999700000",12.310744194000051,51.32933313400008,7,7,7,Alt-West
159586,14170313144200038500,14,7,13,000,2017,03,14,2,2,6,3,0,1,1,0,0,0,0,"734787,855300000050000","5693014,076100000200000",12.37111444900006,51.33984257900005,0,0,0,Mitte
159587,14170313144200037050,14,7,13,000,2017,03,07,2,2,5,2,0,0,0,0,1,0,0,"734005,647299999950000","5695600,561599999700000",12.361604685000032,51.36338253400004,9,9,9,Nord
159599,14170313      255800,14,7,13,000,2017,03,16,2,3,5,3,1,1,0,0,0,0,0,"737535,187500000000000","5693747,150700000100000",12.410975363000034,51.34528173000007,2,2,2,Ost
159602,14170312144200050160,14,7,13,000,2017,03,18,1,2,5,3,1,1,0,0,0,0,0,"736173,282800000040000","5691042,824500000100000",12.389662893000036,51.32157445300004,0,0,0,Mitte
159604,14170311148410025480,14,7,13,000,2017,03,02,7,3,0,1,1,0,0,0,0,2,0,"736013,422799999940000","5692483,461799999700000",12.388326800000073,51.334572319000074,0,0,0,Mitte
159605,14170311144200128820,14,7,13,000,2017,03,14,7,3,9,1,0,1,0,0,0,0,0,"740288,379599999990000","5698178,109199999800000",12.453427754000074,51.38389536200003,1,1,1,Nordost
159606,14170311144200023910,14,7,13,000,2017,03,08,7,3,1,7,1,1,0,0,0,0,0,"735390,585300000040000","5691221,785799999700000",12.37856842900004,51.32350519800008,4,4,4,Süd
159607,14170310149310036800,14,7,13,000,2017,03,14,6,3,1,6,0,1,0,0,0,0,0,"735892,931699999960000","5694559,303000000300000",12.387975377000032,51.35325556200007,9,9,9,Nord
159608,14170310148410065470,14,7,13,000,2017,03,18,6,3,6,6,1,0,1,0,0,1,0,"736676,888599999950000","5693030,096400000200000",12.39819706700007,51.33920329700004,3,3,3,Südost
159609,14170310144200079530,14,7,13,000,2017,03,06,6,3,5,3,1,1,0,0,0,0,1,"735924,302499999990000","5692736,344499999700000",12.387217213000042,51.33687923400004,0,0,0,Mitte
159611,14170310144200036840,14,7,13,000,2017,03,13,6,3,5,3,0,1,0,0,0,0,0,"739141,713400000010000","5696096,592100000000000",12.435579379000046,51.36569634400007,1,1,1,Nordost
159625,14170309148110037330,14,7,13,000,2017,03,14,5,3,3,3,1,0,0,0,1,0,0,"740827,959599999940000","5696553,572399999900000",12.46006668800004,51.369085710000036,2,2,2,Ost
159626,14170309144200155590,14,7,13,000,2017,03,12,5,3,3,2,1,1,0,0,0,0,0,"736210,500000000000000","5692517,947999999900000",12.39117368500007,51.33480006100007,0,0,0,Mitte
159627,14170309144200060700,14,7,13,000,2017,03,10,5,3,3,7,0,1,0,0,0,0,0,"729980,522000000000000","5694281,110000000300000",12.303033008000057,51.35318141500005,7,7,7,Alt-West
159628,14170309144200038110,14,7,13,000,2017,03,11,5,3,4,7,1,0,1,0,0,0,0,"737385,295399999940000","5691584,509300000000000",12.407385992000059,51.32593233100005,3,3,3,Südost
159637,14170308148224023880,14,7,13,000,2017,03,06,4,3,5,6,1,1,0,0,0,1,1,"735399,424499999960000","5690881,970200000300000",12.378470701000026,51.320451235000064,4,4,4,Süd
159638,14170308148110023070,14,7,13,000,2017,03,15,4,3,3,5,1,1,0,0,0,0,0,"737579,299400000020000","5694746,467699999900000",12.412274558000036,51.35423317200008,1,1,1,Nordost
159639,14170308144200025380,14,7,13,000,2017,03,13,4,2,6,4,0,1,1,0,0,0,0,"737800,534600000010000","5693761,157599999600000",12.414787807000039,51.34529653300007,2,2,2,Ost
159640,14170308144200024480,14,7,13,000,2017,03,20,4,3,5,3,0,1,0,0,0,2,1,"732391,907299999960000","5691545,411299999800000",12.335818103000065,51.32764300700006,5,5,5,Südwest
159641,14170308144200023050,14,7,13,000,2017,03,14,4,3,5,2,1,1,0,0,0,0,0,"739234,633799999950000","5699126,701600000300000",12.438951597000028,51.39285462400005,1,1,1,Nordost
159642,14170308144200023040,14,7,13,000,2017,03,19,4,3,5,3,0,1,0,0,0,2,1,"737593,248499999990000","5694757,397400000100000",12.41248181900005,51.354325446000075,1,1,1,Nordost
159655,14170307144200205250,14,7,13,000,2017,03,16,3,2,5,3,1,0,0,0,1,0,0,"729483,373999999950000","5689827,361999999700000",12.293036959000062,51.313400579000074,6,6,6,West
159667,14170306148210037240,14,7,13,000,2017,03,09,2,3,5,3,0,1,0,1,0,0,1,"738836,379399999980000","5689336,476800000300000",12.426669379000032,51.305146887000035,3,3,3,Südost
159669,14170306144200025200,14,7,13,000,2017,03,18,2,2,6,4,0,0,1,0,1,2,0,"737381,202300000000000","5692677,733300000400000",12.408055585000056,51.335746897000035,2,2,2,Ost
159670,14170306144200025170,14,7,13,000,2017,03,08,2,3,5,3,1,1,0,0,0,0,1,"735429,314400000030000","5691558,350900000000000",12.379345553000064,51.32651030000005,0,0,0,Mitte
159671,14170306144200023730,14,7,13,000,2017,03,16,2,3,5,3,0,1,0,0,0,0,0,"740195,290500000000000","5691724,851900000100000",12.447736797000061,51.326012640000044,2,2,2,Ost
159680,14170305148110024310,14,7,13,000,2017,03,10,1,3,6,4,0,1,1,0,0,0,0,"731980,393099999990000","5693190,572700000400000",12.330993087000024,51.34257921400007,7,7,7,Alt-West
159681,14170305144200023660,14,7,13,000,2017,03,10,1,3,6,2,0,1,1,0,0,0,0,"734618,603800000040000","5690201,901200000200000",12.36683769800004,51.31466909000005,4,4,4,Süd
159687,14170304148410025050,14,7,13,000,2017,03,13,7,3,1,5,1,1,0,0,1,0,0,"737143,747300000050000","5693759,820899999700000",12.405373438000026,51.34555886600003,2,2,2,Ost
159688,14170304148210023600,14,7,13,000,2017,03,05,7,3,5,3,0,1,0,1,0,2,0,"735706,536199999970000","5690913,012000000100000",12.382890671000041,51.320602749000045,4,4,4,Süd
159689,14170304148210023550,14,7,13,000,2017,03,15,7,3,4,6,1,0,0,1,0,0,0,"734500,323699999950000","5691050,361600000400000",12.365701432000037,51.32233402700007,4,4,4,Süd
159690,14170304144200024240,14,7,13,000,2017,03,21,7,3,2,6,0,1,0,0,0,2,0,"731049,546899999960000","5693658,850999999800000",12.317955097000038,51.347161914000026,7,7,7,Alt-West
159691,14170304144200023490,14,7,13,000,2017,03,08,7,3,2,6,0,1,0,0,1,0,0,"736019,252100000040000","5688281,904000000100000",12.38562999100003,51.296855503000074,4,4,4,Süd
159699,14170303148210049260,14,7,13,000,2017,03,19,6,3,3,3,1,1,0,0,0,2,0,"735278,725800000010000","5690905,373900000000000",12.376757097000052,51.320711233000054,4,4,4,Süd
159700,14170303148210023400,14,7,13,000,2017,03,17,6,3,2,6,0,1,0,0,0,2,0,"735081,929699999980000","5690057,785199999800000",12.373379209000063,51.31318426400003,4,4,4,Süd
159701,14170303144200022680,14,7,13,000,2017,03,17,6,2,8,1,0,0,0,1,0,1,0,"739538,389300000040000","5696431,121500000400000",12.441492444000062,51.36853187200006,1,1,1,Nordost
159714,14170302148310005250,14,7,13,000,2017,03,18,5,3,8,1,0,1,0,0,0,2,0,"729735,661599999990000","5689859,661700000100000",12.296671606000075,51.31358876200005,6,6,6,West
159715,14170410148210117040,14,7,13,000,2017,04,09,2,3,5,3,1,0,0,0,1,0,0,"735081,396300000020000","5690118,810800000100000",12.373411786000077,51.31373227500006,4,4,4,Süd
159716,14170410144200205240,14,7,13,000,2017,04,22,2,3,4,2,0,1,0,0,0,2,0,"734578,704600000060000","5691403,137099999900000",12.367056452000043,51.32546839500003,0,0,0,Mitte
159717,14170410144200115650,14,7,13,000,2017,04,07,2,2,6,4,0,1,1,0,0,0,0,"737940,121200000050000","5695228,788800000200000",12.41776955000006,51.35841151800008,1,1,1,Nordost
159736,14170410148310110590,14,7,13,000,2017,04,12,2,3,6,6,0,0,1,0,1,0,0,"732195,863400000030000","5690658,626600000100000",12.332431558000053,51.31976258900005,5,5,5,Südwest
159745,14170409144200102740,14,7,13,000,2017,04,13,1,2,5,3,0,1,0,1,0,0,0,"732421,747600000000000","5691633,516300000300000",12.336303115000021,51.32842171200008,5,5,5,Südwest
159751,14170408148110116330,14,7,13,000,2017,04,02,7,3,6,4,0,1,1,0,0,2,0,"734414,441299999950000","5695542,707200000100000",12.367428199000074,51.36269469800004,9,9,9,Nord
159752,14170408148110103280,14,7,13,000,2017,04,18,7,3,5,7,1,1,0,0,0,0,0,"736109,968400000010000","5695568,581899999600000",12.39175642400005,51.36222491700005,9,9,9,Nord
159753,14170408144320139810,14,7,13,000,2017,04,12,7,3,2,6,0,1,0,0,0,0,0,"734932,224099999990000","5693883,517099999800000",12.37375707700005,51.34758737800007,0,0,0,Mitte
159755,14170408144200102780,14,7,13,000,2017,04,15,7,3,5,3,1,1,0,0,0,0,0,"738793,743000000020000","5696434,784300000400000",12.430817062000074,51.36887825300005,1,1,1,Nordost
159764,14170407148320103110,14,7,13,000,2017,04,10,6,3,6,2,0,1,1,0,0,0,1,"732460,302400000040000","5691745,728099999900000",12.336928735000072,51.32941325300004,5,5,5,Südwest
159765,14170407148210110220,14,7,13,000,2017,04,16,6,3,5,3,1,1,0,0,0,0,0,"736732,566600000020000","5689353,899899999600000",12.396553969000024,51.30618192500003,4,4,4,Süd
159767,14170407144200102770,14,7,13,000,2017,04,16,6,3,5,3,0,1,0,0,0,0,0,"731812,196400000020000","5691274,967400000400000",12.327335967000067,51.325451799000064,5,5,5,Südwest
159781,14170406148410215370,14,7,13,000,2017,04,14,5,3,6,4,1,0,1,0,0,0,0,"736720,954700000000000","5693994,973000000200000",12.399469990000057,51.347845816000074,2,2,2,Ost
159782,14170406148410110680,14,7,13,000,2017,04,17,5,3,6,4,1,0,1,0,0,0,0,"735008,921100000040000","5691975,140999999800000",12.373597306000022,51.33042538400008,0,0,0,Mitte
159783,14170406148410108870,14,7,13,000,2017,04,13,5,3,0,1,1,1,0,0,0,0,0,"734639,947999999970000","5693067,179999999700000",12.36902970400007,51.340380312000036,0,0,0,Mitte
159784,14170406148310117060,14,7,13,000,2017,04,08,5,2,6,4,1,0,1,0,0,0,0,"731769,825799999990000","5690127,803500000400000",12.325983232000056,51.31517115400004,5,5,5,Südwest
159785,14170406144200195800,14,7,13,000,2017,04,09,5,3,5,3,1,1,0,0,0,0,0,"739896,553100000020000","5692403,038400000000000",12.443913573000032,51.332225907000065,2,2,2,Ost
159786,14170406144200154720,14,7,13,000,2017,04,11,5,3,4,6,0,1,0,0,0,0,0,"730455,872899999960000","5701039,033099999700000",12.314231565000057,51.41365389400005,8,8,8,Nordwest
159787,14170406144200112260,14,7,13,000,2017,04,17,5,2,1,5,1,1,0,0,0,0,0,"731983,925599999960000","5688613,302000000100000",12.328065413000047,51.30148849100004,5,5,5,Südwest
159788,14170406143212103210,14,7,13,000,2017,04,15,5,3,5,3,1,1,0,0,0,0,0,"734084,202099999990000","5695132,144000000300000",12.362422839000033,51.35914545000003,9,9,9,Nord
159799,14170405148410129300,14,7,13,000,2017,04,10,4,3,3,2,1,1,0,0,0,0,0,"737234,854999999980000","5692692,534000000000000",12.405968336000058,51.335940814000026,3,3,3,Südost
159800,14170405144320205300,14,7,13,000,2017,04,18,4,3,5,2,1,1,0,0,0,0,0,"735398,770000000020000","5690910,770899999900000",12.378480339000077,51.32071003100003,4,4,4,Süd
159801,14170405143215097240,14,7,13,000,2017,04,08,4,3,1,2,0,1,1,0,0,0,0,"738222,908700000030000","5695129,103600000000000",12.421756991000052,51.35739828000004,1,1,1,Nordost
159810,14170404148410103620,14,7,13,000,2017,04,14,3,3,3,6,1,1,0,0,0,0,0,"734058,443899999950000","5692302,460099999800000",12.360193271000071,51.33375545600006,0,0,0,Mitte
159811,14170404148310097840,14,7,13,000,2017,04,10,3,3,2,2,0,1,0,0,0,0,0,"730637,944900000000000","5691404,735500000400000",12.310595496000076,51.32709396700005,7,7,7,Alt-West
159812,14170404144200112240,14,7,13,000,2017,04,08,3,3,3,2,1,1,0,0,0,0,0,"734778,878400000050000","5692842,256500000100000",12.37087254200003,51.33830396400003,0,0,0,Mitte
159813,14170404144200097190,14,7,13,000,2017,04,11,3,3,4,2,0,1,0,0,0,0,0,"736333,168399999970000","5695247,328900000100000",12.394743265000045,51.35924851000004,9,9,9,Nord
159814,14170404144200097180,14,7,13,000,2017,04,19,3,3,5,3,0,1,0,1,0,0,0,"732881,787900000000000","5695953,037800000000000",12.345720334000077,51.36700833300006,8,8,8,Nordwest
159815,14170404144100107820,14,7,13,000,2017,04,20,3,3,0,1,0,0,0,1,0,2,0,"734817,400799999940000","5694103,766400000100000",12.37225649900006,51.34961185800006,0,0,0,Mitte
159827,14170403148310144610,14,7,13,000,2017,04,17,2,3,2,6,0,1,0,0,1,0,0,"735404,537699999990000","5690904,981300000100000",12.378559142000029,51.32065567600006,4,4,4,Süd
159828,14170403148310097810,14,7,13,000,2017,04,08,2,3,1,5,1,1,0,0,0,0,0,"732878,742500000050000","5691266,380300000300000",12.342611216000023,51.32493915400005,5,5,5,Südwest
159829,14170403144200174850,14,7,13,000,2017,04,14,2,2,3,6,1,0,0,0,1,0,0,"737177,783300000010000","5693758,586600000000000",12.40586044500003,51.34553358900007,2,2,2,Ost
159830,14170403144200155120,14,7,13,000,2017,04,16,2,3,5,3,0,1,0,0,0,0,0,"738542,616999999970000","5691147,956000000200000",12.42367411400005,51.32152979800003,3,3,3,Südost
159831,14170403144200097100,14,7,13,000,2017,04,16,2,2,5,2,1,1,0,0,0,0,0,"735664,756799999970000","5696070,156299999900000",12.385705237000025,51.36691199300003,9,9,9,Nord
159851,14170401148410103340,14,7,13,000,2017,04,11,7,3,3,2,1,1,0,0,0,0,0,"734994,945599999980000","5692261,092299999700000",12.373585637000076,51.33299796800003,0,0,0,Mitte
159852,14170401148410098110,14,7,13,000,2017,04,20,7,3,1,7,0,1,1,0,0,1,1,"735037,903000000050000","5691564,737499999800000",12.373741920000043,51.32672946800005,0,0,0,Mitte
159853,14170401148210108250,14,7,13,000,2017,04,07,7,3,0,1,0,0,0,1,0,0,0,"738865,283199999950000","5691171,179499999600000",12.428311834000056,51.32160289400008,3,3,3,Südost
159854,14170401148210097490,14,7,13,000,2017,04,14,7,3,2,6,1,1,0,0,0,0,0,"740668,894800000010000","5689409,212799999900000",12.452959125000064,51.30502809800004,3,3,3,Südost
159855,14170401148110096990,14,7,13,000,2017,04,08,7,3,6,4,0,1,1,0,0,0,0,"733991,359500000020000","5695477,905799999800000",12.361319125000023,51.36228740400003,9,9,9,Nord
159856,14170401144200097710,14,7,13,000,2017,04,15,7,2,6,4,0,1,1,0,0,0,0,"730058,577000000050000","5690060,162999999700000",12.301426465000077,51.31525824700003,6,6,6,West
159857,14170401144100112020,14,7,13,000,2017,04,12,7,3,2,6,0,1,0,0,1,0,0,"733507,747199999980000","5693206,752500000400000",12.352894700000036,51.342099258000076,0,0,0,Mitte
159860,14170331148410088980,14,7,13,000,2017,03,16,6,3,6,4,0,1,1,0,0,0,0,"737806,773700000020000","5692137,923100000200000",12.413793554000051,51.33072377000008,3,3,3,Südost
159861,14170331148410088970,14,7,13,000,2017,03,10,6,3,2,6,0,1,0,0,0,0,0,"733314,825399999970000","5693705,627500000400000",12.350456543000064,51.34665664600004,0,0,0,Mitte
159862,14170331148210088210,14,7,13,000,2017,03,20,6,3,2,7,0,1,0,0,0,2,0,"738709,796500000050000","5689282,366200000000000",12.424820540000042,51.30471427800006,3,3,3,Südost
159863,14170331144200160760,14,7,13,000,2017,03,16,6,3,0,5,1,1,0,0,0,0,0,"732542,556400000000000","5691987,223000000200000",12.338264915000025,51.331547466000075,5,5,5,Südwest
159866,14170331144200096920,14,7,13,000,2017,03,07,6,3,3,2,1,1,0,0,0,0,0,"733672,362899999950000","5697375,987800000200000",12.357992658000057,51.37945677500005,9,9,9,Nord
159867,14170331144200088920,14,7,13,000,2017,03,12,6,3,2,6,1,0,0,1,0,0,0,"735284,372500000060000","5692733,001199999800000",12.378044556000077,51.337114334000034,0,0,0,Mitte