OBJECTID,UIDENTSTLA,ULAND,UREGBEZ,UKREIS,UGEMEINDE,UJAHR,UMONAT,USTUNDE,UWOCHENTAG,UKATEGORIE,UART,UTYP1,IstRad,IstPKW,IstFuss,IstKrad,IstSonstig,LICHT,STRZUSTAND,LINREFX,LINREFY,XGCSWGS84,YGCSWGS84,index_right,FID,SBZ,Name
159868,14170331144200088470,14,7,13,000,2017,03,08,6,3,2,6,0,1,0,0,0,0,0,"731323,623400000040000","5693989,157800000200000",12.322098474000029,51.35001556600008,7,7,7,Alt-West
159887,14170330148410113240,14,7,13,000,2017,03,13,5,3,2,3,0,1,0,0,0,0,0,"734557,556800000020000","5691372,674499999700000",12.366733422000038,51.32520366700004,4,4,4,Süd
159888,14170330148210088130,14,7,13,000,2017,03,07,5,3,4,6,0,1,0,0,1,0,0,"739905,845800000010000","5692432,075600000100000",12.444066269000075,51.33248261800003,2,2,2,Ost
159889,14170330148210088080,14,7,13,000,2017,03,10,5,3,5,3,1,1,0,0,0,0,0,"736755,852199999960000","5688652,722699999800000",12.396422328000028,51.29987832200004,4,4,4,Süd
159890,14170330144200206930,14,7,13,000,2017,03,13,5,2,6,4,0,0,1,0,1,0,0,"734266,058399999980000","5695523,676699999700000",12.365288053000029,51.36258507100007,9,9,9,Nord
159891,14170330144200139610,14,7,13,000,2017,03,15,5,2,6,4,0,1,1,0,0,0,0,"733913,734199999950000","5696965,880400000100000",12.361184957000035,51.37567609600006,9,9,9,Nord
159892,14170330144200097370,14,7,13,000,2017,03,10,5,2,5,3,1,1,0,0,0,0,0,"740805,711099999960000","5694642,724899999800000",12.45845423000003,51.35194424600007,2,2,2,Ost
159893,14170330144200088860,14,7,13,000,2017,03,16,5,3,2,6,0,1,0,0,0,0,0,"736798,980400000000000","5693042,086600000000000",12.399954715000035,51.33926009500004,3,3,3,Südost
159894,14170330144200088850,14,7,13,000,2017,03,10,5,3,6,4,1,0,1,0,0,0,0,"737768,536300000040000","5693736,720099999600000",12.414312873000029,51.34509056500008,2,2,2,Ost
159895,14170330144200088410,14,7,13,000,2017,03,13,5,2,5,3,1,1,0,0,0,0,0,"732892,635000000010000","5690905,675699999600000",12.34257462000005,51.32169553600005,5,5,5,Südwest
159911,14170329148415098030,14,7,13,000,2017,03,09,4,2,1,5,1,1,0,0,0,0,0,"735337,052600000050000","5693027,135099999600000",12.378993818000026,51.33973278000008,0,0,0,Mitte
159912,14170329148310080380,14,7,13,000,2017,03,11,4,3,3,2,1,1,0,0,0,0,0,"731888,230100000040000","5692403,801799999500000",12.329159902000072,51.33555413700003,7,7,7,Alt-West
159914,14170329144200224950,14,7,13,000,2017,03,18,4,3,0,5,1,1,0,0,0,0,0,"737249,871399999950000","5691283,697399999900000",12.405245628000046,51.323288700000035,3,3,3,Südost
159915,14170329144200174840,14,7,13,000,2017,03,10,4,2,6,4,0,0,1,0,1,0,0,"734750,657600000040000","5693483,956000000200000",12.370891087000075,51.34407576600006,0,0,0,Mitte
159917,14170329144200088740,14,7,13,000,2017,03,10,4,3,5,3,0,1,0,0,0,0,0,"734282,127499999940000","5693503,103099999900000",12.364188313000056,51.34444089600004,0,0,0,Mitte
159925,14170328148410082150,14,7,13,000,2017,03,14,3,3,8,1,0,1,0,0,0,0,0,"734153,108400000030000","5693803,217100000000000",12.362536452000029,51.34718801000008,0,0,0,Mitte
159926,14170328148410082140,14,7,13,000,2017,03,13,3,3,5,3,1,1,0,0,0,0,0,"737531,289100000050000","5693647,224600000300000",12.41085282900002,51.344386419000045,2,2,2,Ost
159927,14170328148110087620,14,7,13,000,2017,03,16,3,3,5,3,1,1,0,0,0,0,0,"735483,698699999950000","5697592,226900000100000",12.384117211000046,51.38064953000003,9,9,9,Nord
159928,14170328144200118910,14,7,13,000,2017,03,15,3,3,5,2,1,1,0,0,0,0,0,"734776,554200000010000","5695548,031700000200000",12.37262389500006,51.36259298200008,9,9,9,Nord
159929,14170328144200108220,14,7,13,000,2017,03,18,3,3,4,2,1,1,0,0,0,0,0,"741075,432000000030000","5689641,600999999800000",12.458937441000046,51.30694194200004,3,3,3,Südost
159930,14170328144200098020,14,7,13,000,2017,03,10,3,2,6,4,0,1,1,0,0,0,0,"735153,872300000050000","5693738,482800000300000",12.376838341000052,51.346193861000074,0,0,0,Mitte
159931,14170328144200079520,14,7,13,000,2017,03,07,3,3,3,2,0,1,0,1,0,0,0,"735770,878299999980000","5692866,947999999900000",12.385105040000042,51.33811519300008,0,0,0,Mitte
159949,14170327148220097340,14,7,13,000,2017,03,15,2,3,1,5,1,1,0,0,0,0,0,"735323,390000000010000","5689549,395999999700000",12.376502325000047,51.30852098500003,4,4,4,Süd
159950,14170327144200205160,14,7,13,000,2017,03,17,2,2,6,4,0,0,1,0,1,0,0,"735834,953600000010000","5693458,180200000300000",12.386414783000077,51.343395677000046,0,0,0,Mitte
159951,14170327144200087590,14,7,13,000,2017,03,16,2,3,0,5,1,1,0,0,0,0,0,"731347,003099999970000","5696711,136699999700000",12.324203973000067,51.37444072000005,8,8,8,Nordwest
159952,14170327144200081960,14,7,13,000,2017,03,08,2,3,5,3,1,1,0,0,0,0,0,"731832,464700000010000","5691422,960799999500000",12.327722618000053,51.326772050000045,5,5,5,Südwest
159953,14170327144200076670,14,7,13,000,2017,03,16,2,2,6,4,0,1,1,0,0,0,0,"737287,598499999960000","5696683,633999999600000",12.409385210000039,51.371743062000064,1,1,1,Nordost
159954,14170327144200064960,14,7,13,000,2017,03,17,2,3,4,2,1,1,0,0,0,0,0,"738333,801699999950000","5690886,014899999800000",12.420507753000038,51.319266123000034,3,3,3,Südost
159955,14170327143215081090,14,7,13,000,2017,03,10,2,3,6,2,0,1,1,0,0,0,0,"738010,391300000020000","5692042,194799999700000",12.416647040000043,51.32977935400004,3,3,3,Südost
159966,14170326144200097980,14,7,13,000,2017,03,15,1,3,2,6,0,1,0,0,0,0,0,"735116,594000000040000","5693979,385700000500000",12.376463112000067,51.348371705000034,0,0,0,Mitte
159967,14170326144200097970,14,7,13,000,2017,03,20,1,2,3,6,1,0,0,0,1,2,0,"735105,203899999960000","5694072,859500000300000",12.376361579000047,51.34921546900006,0,0,0,Mitte
159975,14170325148210077390,14,7,13,000,2017,03,19,7,3,5,3,0,1,0,0,0,2,0,"740802,808700000050000","5694633,013399999600000",12.458406057000047,51.35185830900008,2,2,2,Ost
159976,14170325148210077050,14,7,13,000,2017,03,14,7,3,5,2,1,1,0,0,0,0,0,"738165,621500000010000","5689970,133200000000000",12.417487119000043,51.311115577000066,3,3,3,Südost
159977,14170325148110079920,14,7,13,000,2017,03,17,7,3,2,6,0,1,0,0,0,1,0,"737383,381999999980000","5699075,659000000000000",12.412356983000052,51.39317375600007,1,1,1,Nordost
159978,14170325148110065750,14,7,13,000,2017,03,12,7,2,0,7,1,0,0,0,0,0,0,"734942,932200000040000","5698640,558799999800000",12.377053751000062,51.39028365300004,9,9,9,Nord
159979,14170325144200112670,14,7,13,000,2017,03,18,7,3,6,4,1,0,1,0,0,0,0,"735072,255699999980000","5689943,758299999900000",12.37316550600002,51.31216470500004,4,4,4,Süd
159980,14170325144200088600,14,7,13,000,2017,03,11,7,3,5,3,1,1,0,0,0,0,0,"735162,575399999970000","5693731,328499999800000",12.37695836000006,51.34612604200004,0,0,0,Mitte
159985,14170324144200192850,14,7,13,000,2017,03,07,6,3,2,6,0,1,0,0,0,0,0,"737999,826299999960000","5695105,501100000000000",12.418543047000071,51.35727989500003,1,1,1,Nordost
159986,14170324144200174830,14,7,13,000,2017,03,23,6,2,2,6,1,1,0,0,0,2,0,"733446,417800000050000","5697605,739900000400000",12.354902633000052,51.38161207400003,8,8,8,Nordwest
159987,14170324144200081930,14,7,13,000,2017,03,16,6,3,5,3,1,1,0,0,0,0,0,"735594,712599999970000","5693122,443500000100000",12.38274945300003,51.340481605000036,0,0,0,Mitte
159991,14170502148420172351,14,7,13,000,2017,05,19,3,3,1,5,1,1,0,0,0,1,0,"733705,799600000030000","5692445,249300000300000",12.35523362400005,51.33518222100008,0,0,0,Mitte
159992,14170502148410171030,14,7,13,000,2017,05,07,3,3,5,3,1,1,0,0,0,0,1,"735883,669299999950000","5692598,793399999800000",12.386543849000077,51.335661395000045,0,0,0,Mitte
159993,14170502148223175680,14,7,13,000,2017,05,10,3,2,2,2,1,1,0,0,0,0,1,"735183,660299999990000","5688966,019999999600000",12.374116705000063,51.303342099000076,4,4,4,Süd
159994,14170502148210182630,14,7,13,000,2017,05,09,3,3,4,2,0,1,0,0,0,0,1,"739001,841600000040000","5692201,015900000000000",12.430958520000047,51.330789226000036,2,2,2,Ost
159995,14170502144200411860,14,7,13,000,2017,05,13,3,3,5,2,1,0,0,0,1,0,0,"732266,570700000040000","5691974,807900000400000",12.33430211600006,51.33154878100004,5,5,5,Südwest
159996,14170502144200275430,14,7,13,000,2017,05,16,3,3,5,3,0,1,0,0,0,0,0,"735307,677799999950000","5689757,685600000400000",12.376414670000031,51.310397170000044,4,4,4,Süd
159997,14170502144200224980,14,7,13,000,2017,05,05,3,2,5,3,1,1,0,0,0,1,1,"732739,780700000000000","5692087,471400000200000",12.341156481000041,51.33236670100007,7,7,7,Alt-West
159998,14170502144200212920,14,7,13,000,2017,05,16,3,2,5,2,1,1,0,0,0,0,0,"738236,525600000050000","5692404,873499999800000",12.420129469000074,51.33294008300004,2,2,2,Ost
159999,14170502144200181420,14,7,13,000,2017,05,20,3,3,8,1,0,1,0,0,0,2,0,"733570,516199999950000","5692167,424300000100000",12.353112846000045,51.33274387900008,0,0,0,Mitte
160008,14170501148110169580,14,7,13,000,2017,05,11,2,3,5,2,0,1,0,0,1,0,0,"734052,428700000050000","5696685,867200000200000",12.362989844000026,51.37310543800004,9,9,9,Nord
160015,14170430148410170260,14,7,13,000,2017,04,15,1,3,5,3,1,1,0,0,0,0,0,"736608,990400000010000","5692400,413700000400000",12.396805804000053,51.33357941600008,3,3,3,Südost
160016,14170430148410170230,14,7,13,000,2017,04,09,1,3,4,7,1,1,0,0,0,0,0,"734528,595899999960000","5692684,141699999600000",12.367181638000034,51.33698793000008,0,0,0,Mitte
160017,14170430144200275450,14,7,13,000,2017,04,22,1,2,1,5,1,1,0,0,0,2,0,"738040,493600000050000","5692382,936599999700000",12.41730595000007,51.33282525100003,2,2,2,Ost
160018,14170430144000182620,14,7,13,000,2017,04,18,1,3,3,2,1,1,0,0,0,0,0,"738670,136799999980000","5689255,775500000500000",12.424234843000022,51.30449222800007,3,3,3,Südost
160028,14170429148210207790,14,7,13,000,2017,04,17,7,3,5,3,1,1,0,0,0,0,0,"742237,624599999980000","5693543,931699999600000",12.478231229000073,51.34147374400004,2,2,2,Ost
160029,14170429144200192890,14,7,13,000,2017,04,15,7,2,6,4,0,1,1,0,0,0,0,"732401,012600000020000","5692039,110799999900000",12.336270523000053,51.33207109700004,5,5,5,Südwest
160030,14170429143213171200,14,7,13,000,2017,04,09,7,3,4,2,1,1,0,0,0,0,0,"742677,193699999950000","5693360,910299999600000",12.484405672000037,51.33964364000008,2,2,2,Ost
160039,14170428141200205050,14,7,13,000,2017,04,20,6,3,0,1,1,0,0,0,0,1,0,"735557,631599999960000","5692944,818699999700000",12.382100554000033,51.33890255400007,0,0,0,Mitte
160051,14170427148210175600,14,7,13,000,2017,04,06,5,3,2,6,1,0,0,0,0,0,0,"735892,908000000050000","5688757,401300000000000",12.38413520000006,51.30117607500006,4,4,4,Süd
160052,14170427148210161950,14,7,13,000,2017,04,18,5,3,5,3,1,1,0,0,0,0,0,"735773,706099999950000","5691894,528300000400000",12.384502077000036,51.32938530800004,0,0,0,Mitte
160053,14170427144200160780,14,7,13,000,2017,04,13,5,3,2,6,0,1,0,0,0,0,0,"731006,408300000010000","5693982,315999999600000",12.317546631000027,51.350083150000046,7,7,7,Alt-West
160054,14170427144200154650,14,7,13,000,2017,04,14,5,2,5,3,0,1,0,0,0,0,0,"736804,561600000020000","5695801,614699999800000",12.401870647000067,51.36402758300005,1,1,1,Nordost
160064,14170426148410155930,14,7,13,000,2017,04,10,4,3,5,3,1,1,0,0,0,0,0,"733642,861999999960000","5692913,866000000400000",12.354639078000048,51.339414644000044,0,0,0,Mitte
160065,14170426148210161920,14,7,13,000,2017,04,17,4,3,3,2,1,1,0,0,0,0,0,"734744,434099999950000","5690909,284699999700000",12.369105680000075,51.32096700100004,4,4,4,Süd
160066,14170426144200246210,14,7,13,000,2017,04,09,4,3,5,2,0,1,0,0,0,0,0,"736698,008400000050000","5689804,350499999700000",12.396357885000043,51.31023963500007,4,4,4,Süd
160067,14170426144200195790,14,7,13,000,2017,04,12,4,3,4,2,0,1,0,1,0,0,0,"732335,457100000000000","5696217,660199999800000",12.338058641000032,51.36960745700003,8,8,8,Nordwest
160068,14170426144200162490,14,7,13,000,2017,04,05,4,3,4,2,1,1,0,0,0,1,0,"730181,202999999980000","5689969,053000000300000",12.303124257000036,51.31439076500004,5,5,5,Südwest
160070,14170426144200155840,14,7,13,000,2017,04,14,4,3,6,2,0,1,1,0,0,0,0,"734867,774899999960000","5694507,254700000400000",12.373244833000058,51.35321290500008,0,0,0,Mitte
160080,14170425149110193730,14,7,13,000,2017,04,15,3,3,5,3,0,1,0,0,0,0,0,"735293,126000000050000","5691713,125500000100000",12.377496529000041,51.32795595300007,0,0,0,Mitte
160081,14170425144200160990,14,7,13,000,2017,04,20,3,3,0,7,0,1,0,0,0,2,0,"731608,023200000050000","5690701,707899999800000",12.324038228000063,51.32038888500006,5,5,5,Südwest
160093,14170424148410169210,14,7,13,000,2017,04,19,2,3,2,6,1,1,0,0,0,0,0,"735335,784499999950000","5692443,566100000400000",12.378590117000044,51.33449499500006,0,0,0,Mitte
160094,14170424148210190310,14,7,13,000,2017,04,17,2,3,1,3,1,1,0,0,0,0,0,"736317,515400000030000","5687509,742300000000000",12.389389507000033,51.28980066500003,4,4,4,Süd
160096,14170424144200195780,14,7,13,000,2017,04,17,2,3,2,6,0,1,0,0,0,0,0,"737439,277099999950000","5693007,415799999600000",12.409107522000056,51.338681902000076,2,2,2,Ost
160097,14170424144200155110,14,7,13,000,2017,04,08,2,3,5,3,1,0,0,0,0,0,0,"734633,528999999980000","5690882,478600000000000",12.367499257000077,51.320772119000026,4,4,4,Süd
160110,14170423148110154960,14,7,13,000,2017,04,19,1,3,2,6,0,1,0,0,0,0,0,"737927,747300000050000","5695256,930599999600000",12.417610971000045,51.35866929800005,1,1,1,Nordost
160116,14170422144200155050,14,7,13,000,2017,04,11,7,2,1,5,0,1,0,0,0,0,0,"740047,714700000010000","5693940,608500000100000",12.447115623000059,51.34596289600006,2,2,2,Ost
160121,14170421148423205100,14,7,13,000,2017,04,14,6,3,3,6,0,1,1,0,0,0,0,"735528,314099999960000","5692933,390700000300000",12.38167284800005,51.33881211600004,0,0,0,Mitte
160122,14170421144200205170,14,7,13,000,2017,04,17,6,3,5,3,0,1,0,0,0,0,0,"735442,533999999990000","5691683,446000000500000",12.379617584000073,51.32762772500007,0,0,0,Mitte
160123,14170421144200167140,14,7,13,000,2017,04,16,6,3,5,3,0,1,0,0,0,0,0,"735231,414499999960000","5697908,105299999900000",12.38070756600007,51.38358950200006,9,9,9,Nord
160137,14170420148423145010,14,7,13,000,2017,04,15,5,3,6,4,1,0,1,0,0,0,0,"735100,029199999990000","5692404,623399999900000",12.375186115000076,51.33424293200005,0,0,0,Mitte
160138,14170420148410142920,14,7,13,000,2017,04,07,5,3,2,6,0,1,0,0,0,0,0,"733535,709900000020000","5694189,408599999700000",12.353940039000065,51.35090863500005,0,0,0,Mitte
160139,14170420148310144621,14,7,13,000,2017,04,17,5,3,2,6,0,1,0,0,0,0,0,"729921,677999999960000","5691193,140999999800000",12.300195991000066,51.325484403000075,6,6,6,West
160140,14170420148210155190,14,7,13,000,2017,04,20,5,3,1,5,1,1,0,0,0,1,0,"735058,565599999970000","5690467,529600000000000",12.373314593000032,51.31687195000006,4,4,4,Süd
160141,14170420144200185440,14,7,13,000,2017,04,17,5,2,5,3,0,1,0,0,0,0,0,"738118,962300000010000","5694090,130199999500000",12.419571675000043,51.34811609600007,1,1,1,Nordost
160142,14170420144200167130,14,7,13,000,2017,04,17,5,2,1,5,1,1,0,0,0,0,0,"737427,331699999980000","5692646,172700000000000",12.408695568000041,51.33544435200008,2,2,2,Ost
160143,14170420144200155720,14,7,13,000,2017,04,12,5,3,0,7,1,1,0,0,0,0,0,"734913,277299999960000","5692239,521800000200000",12.372401167000021,51.332838078000066,0,0,0,Mitte
160144,14170420144200139640,14,7,13,000,2017,04,15,5,3,5,3,1,0,0,0,0,0,0,"734781,515299999970000","5692496,537300000000000",12.370682478000049,51.335199559000046,0,0,0,Mitte
160159,14170419144000144630,14,7,13,000,2017,04,15,4,3,6,4,0,1,1,0,0,0,0,"730957,046699999950000","5693572,768799999700000",12.316573308000045,51.346426750000035,7,7,7,Alt-West
160167,14170418148410136750,14,7,13,000,2017,04,18,3,3,2,2,0,1,0,0,0,1,1,"736119,853400000020000","5691790,977199999600000",12.389393047000056,51.328312236000045,0,0,0,Mitte
160168,14170418144200144381,14,7,13,000,2017,04,17,3,3,6,4,0,1,1,0,0,0,1,"737515,317000000040000","5697068,864900000400000",12.412908264000066,51.37510570400008,1,1,1,Nordost
160169,14170418144200139630,14,7,13,000,2017,04,11,3,3,4,2,0,1,0,0,0,0,1,"737387,415999999970000","5691589,217000000200000",12.407419508000032,51.325973702000056,3,3,3,Südost
160170,14170418144200128810,14,7,13,000,2017,04,21,3,3,4,2,1,1,0,0,0,2,0,"732309,842599999970000","5690617,380099999700000",12.334037522000074,51.319345809000026,5,5,5,Südwest
160182,14170416148410155810,14,7,13,000,2017,04,13,1,3,0,7,1,0,0,0,0,0,1,"735286,948500000060000","5693681,927699999900000",12.378708391000032,51.34563114600007,0,0,0,Mitte
160183,14170416144200125080,14,7,13,000,2017,04,11,1,2,5,3,1,1,0,0,0,0,0,"728912,573500000060000","5694679,901999999800000",12.287978606000024,51.35719255300006,7,7,7,Alt-West
160189,14170415148410129270,14,7,13,000,2017,04,05,7,3,4,2,1,1,0,0,0,1,0,"736422,370800000030000","5691199,480600000400000",12.393335068000056,51.32287719400006,0,0,0,Mitte
160190,14170415148110125110,14,7,13,000,2017,04,10,7,3,1,5,0,1,0,1,0,0,1,"736821,060199999950000","5695904,884300000000000",12.402175975000034,51.36494766200008,1,1,1,Nordost
160191,14170415144320205310,14,7,13,000,2017,04,13,7,3,2,6,0,1,0,0,0,0,1,"737269,627499999940000","5693754,973100000100000",12.407174411000028,51.34546283200007,2,2,2,Ost
160192,14170415144200155580,14,7,13,000,2017,04,10,7,3,5,3,0,1,0,1,0,0,1,"737405,595800000010000","5693654,003999999700000",12.409055876000025,51.34449976900004,2,2,2,Ost
160203,14170414148310160930,14,7,13,000,2017,04,12,6,2,5,7,0,1,0,0,0,0,0,"731708,539100000050000","5692456,569100000000000",12.326619115000028,51.336101056000075,7,7,7,Alt-West
160204,14170414144200136320,14,7,13,000,2017,04,11,6,3,1,6,0,1,0,0,0,0,0,"736342,626099999990000","5692063,890800000200000",12.392765821000069,51.33066946100007,0,0,0,Mitte
160213,14170413148410144960,14,7,13,000,2017,04,19,5,3,4,2,1,1,0,0,0,1,0,"736793,043199999960000","5693773,424900000000000",12.400355920000038,51.34582715200003,2,2,2,Ost
160214,14170413148410129290,14,7,13,000,2017,04,10,5,3,5,2,1,1,0,0,0,0,1,"734781,399399999990000","5692496,500099999800000",12.370680793000076,51.33519927300006,0,0,0,Mitte
160215,14170413148410125240,14,7,13,000,2017,04,15,5,3,5,2,1,1,0,0,0,0,1,"735681,467700000040000","5692566,067300000200000",12.383624660000066,51.33545146300003,0,0,0,Mitte
160216,14170413144200195750,14,7,13,000,2017,04,09,5,3,5,3,0,1,0,0,0,0,0,"739757,775000000020000","5688232,315999999600000",12.43912189300005,51.29484888300004,3,3,3,Südost
160217,14170413144200129750,14,7,13,000,2017,04,13,5,3,4,2,1,0,0,0,1,0,1,"736703,371099999990000","5689730,226800000300000",12.396385512000052,51.309572056000036,4,4,4,Süd
160218,14170413144200128830,14,7,13,000,2017,04,07,5,3,2,6,0,1,0,0,0,1,1,"736605,155799999950000","5690085,040599999900000",12.39521422200005,51.31279777300006,0,0,0,Mitte
160229,14170412148410170320,14,7,13,000,2017,04,16,4,3,5,3,1,1,0,0,0,0,0,"734356,030999999960000","5693163,684999999600000",12.365024196000036,51.34136366800004,0,0,0,Mitte
160230,14170412148410131700,14,7,13,000,2017,04,08,4,3,5,3,1,1,0,0,0,0,1,"734932,871000000040000","5693015,684000000400000",12.373193791000062,51.33979711900008,0,0,0,Mitte
160231,14170412148210130880,14,7,13,000,2017,04,14,4,3,6,4,0,1,1,0,0,0,0,"735067,209200000040000","5690893,758500000500000",12.37371937200004,51.32069438500008,4,4,4,Süd
160232,14170412148210119780,14,7,13,000,2017,04,06,4,3,5,3,1,0,0,0,1,0,1,"739101,918799999980000","5693231,646700000400000",12.433084089000033,51.33999793800007,2,2,2,Ost
160233,14170412144200206920,14,7,13,000,2017,04,15,4,3,5,3,0,1,0,0,0,0,0,"728684,001999999980000","5689587,813000000100000",12.28143280300003,51.311571824000055,6,6,6,West
160236,14170412144200130200,14,7,13,000,2017,04,12,4,3,5,2,0,1,0,0,0,0,0,"735424,779100000040000","5694224,387799999700000",12.381042663000073,51.35044337100004,0,0,0,Mitte
160237,14170412144200129720,14,7,13,000,2017,04,14,4,3,5,3,0,0,0,0,1,0,0,"736248,802499999990000","5692966,684000000400000",12.392020139000067,51.33881210200008,0,0,0,Mitte
160248,14170411148410155670,14,7,13,000,2017,04,07,3,3,0,5,1,0,0,0,1,0,0,"735158,448100000040000","5692925,690600000300000",12.37636720300003,51.338896066000075,0,0,0,Mitte
160249,14170411144320195880,14,7,13,000,2017,04,05,3,3,5,3,0,1,0,0,0,1,0,"729254,275099999970000","5700031,811200000300000",12.296331032000069,51.40509908300004,8,8,8,Nordwest
160252,14170411144200115610,14,7,13,000,2017,04,10,3,2,6,4,0,1,1,0,0,0,0,"737857,738499999980000","5697143,540199999700000",12.417869167000049,51.375632678000045,1,1,1,Nordost
160253,14170411144000119470,14,7,13,000,2017,04,13,3,3,5,3,0,1,0,0,0,0,0,"738330,902499999970000","5691089,749800000300000",12.420602397000039,51.321096056000044,3,3,3,Südost
160258,14170517144200230690,14,7,13,000,2017,05,15,4,2,5,3,1,0,0,0,0,0,0,"738746,858000000010000","5693481,804600000400000",12.428163539000025,51.34239250400003,2,2,2,Ost
160268,14170517662221237400,14,7,13,000,2017,05,17,4,3,1,5,1,1,0,0,0,0,0,"735641,759599999990000","5692417,236499999600000",12.38295720900004,51.334131967000076,0,0,0,Mitte
160270,14170517148410223390,14,7,13,000,2017,05,19,4,3,6,4,1,0,1,0,0,0,0,"737961,673100000010000","5693782,484699999900000",12.417111573000057,51.345420543000046,2,2,2,Ost
160272,14170517148410215830,14,7,13,000,2017,05,16,4,3,4,2,1,1,0,0,0,0,0,"734747,329299999980000","5693480,045599999800000",12.370840806000047,51.344042039000044,0,0,0,Mitte
160273,14170517148210236850,14,7,13,000,2017,05,10,4,3,5,2,1,1,0,0,0,0,0,"738163,087700000030000","5689967,728600000000000",12.417449225000041,51.31109505400008,3,3,3,Südost
160275,14170517148210215270,14,7,13,000,2017,05,10,4,2,3,6,1,0,0,0,1,0,0,"734506,902000000000000","5690889,361999999700000",12.365689779000036,51.320886106000046,4,4,4,Süd
160276,14170517148110246730,14,7,13,000,2017,05,09,4,3,4,2,1,1,0,0,0,0,0,"735739,540900000020000","5695361,911600000200000",12.386308204000045,51.36052360600007,9,9,9,Nord
160293,14170516148410237370,14,7,13,000,2017,05,07,3,2,5,2,1,1,0,0,0,0,0,"735772,408199999950000","5692865,644999999600000",12.385126102000072,51.338102863000074,0,0,0,Mitte
160294,14170516148310210280,14,7,13,000,2017,05,07,3,3,5,3,0,1,0,1,0,0,0,"730227,612500000050000","5694085,413400000000000",12.306448845000034,51.351324618000035,7,7,7,Alt-West
160295,14170516148210242100,14,7,13,000,2017,05,11,3,3,8,7,0,1,0,0,0,0,0,"735171,187099999980000","5688921,787499999600000",12.37390894400005,51.302950201000044,4,4,4,Süd
160296,14170516148210223950,14,7,13,000,2017,05,07,3,3,5,3,0,1,0,0,0,0,0,"734504,468800000030000","5690903,597099999900000",12.365664284000047,51.32101489000007,4,4,4,Süd
160297,14170516148110209330,14,7,13,000,2017,05,06,3,3,5,3,0,1,0,0,0,0,0,"734593,395200000030000","5696048,824799999600000",12.370327987000053,51.36716393800003,9,9,9,Nord
160298,14170516144200401100,14,7,13,000,2017,05,10,3,2,8,7,1,0,0,0,1,0,0,"737377,138599999950000","5692669,258399999700000",12.407991707000065,51.33567252200004,2,2,2,Ost
160299,14170516144200223150,14,7,13,000,2017,05,08,3,2,5,3,1,0,0,0,1,0,0,"736751,987800000000000","5688798,564100000100000",12.396463719000053,51.30118903400006,4,4,4,Süd
160300,14170516144200212950,14,7,13,000,2017,05,19,3,3,5,3,1,1,0,0,0,0,0,"734893,279699999960000","5692518,724100000200000",12.372298689000047,51.335352568000076,0,0,0,Mitte
160301,14170516144200212910,14,7,13,000,2017,05,07,3,2,5,3,1,1,0,0,0,0,0,"731543,909499999950000","5692362,021599999600000",12.32419836400004,51.33531936900005,7,7,7,Alt-West
160302,14170516144200209260,14,7,13,000,2017,05,15,3,3,2,6,0,1,0,0,0,0,0,"740453,312099999980000","5693906,336799999700000",12.452905562000069,51.345483890000025,2,2,2,Ost
160319,14170515148410242590,14,7,13,000,2017,05,07,2,3,2,6,0,1,0,0,0,0,0,"737657,494399999970000","5692230,053999999500000",12.411716125000055,51.33161312800007,3,3,3,Südost
160320,14170515148410224630,14,7,13,000,2017,05,11,2,3,5,3,1,1,0,0,0,0,0,"735332,983400000030000","5692189,132199999900000",12.378381928000067,51.33221226900008,0,0,0,Mitte
160322,14170515148110225050,14,7,13,000,2017,05,17,2,3,4,2,0,1,0,0,0,0,0,"737202,174699999970000","5692928,034500000100000",12.405656849000025,51.33806831700008,3,3,3,Südost
160323,14170515148110218970,14,7,13,000,2017,05,18,2,3,6,4,0,1,1,0,0,0,0,"733997,391799999980000","5695523,104600000200000",12.361435354000037,51.36269064500004,9,9,9,Nord
160324,14170515144200224990,14,7,13,000,2017,05,12,2,3,6,6,0,0,1,0,1,0,0,"734920,353800000040000","5691479,008200000000000",12.372001251000029,51.32600847800006,0,0,0,Mitte
160326,14170515144200209250,14,7,13,000,2017,05,19,2,2,2,6,1,1,0,1,0,0,0,"728863,758999999960000","5694332,654900000400000",12.287055361000057,51.35409492800005,7,7,7,Alt-West
160327,14170515144200209240,14,7,13,000,2017,05,11,2,3,5,3,0,1,0,0,1,0,0,"741843,102900000060000","5695461,626400000400000",12.47388045100007,51.35885380000008,2,2,2,Ost
160328,14170515144200209230,14,7,13,000,2017,05,16,2,2,3,5,1,1,0,0,0,0,0,"732979,626999999980000","5691762,033499999900000",12.344380594000029,51.32934716500006,5,5,5,Südwest