OBJECTID,UIDENTSTLA,ULAND,UREGBEZ,UKREIS,UGEMEINDE,UJAHR,UMONAT,USTUNDE,UWOCHENTAG,UKATEGORIE,UART,UTYP1,IstRad,IstPKW,IstFuss,IstKrad,IstSonstig,LICHT,STRZUSTAND,LINREFX,LINREFY,XGCSWGS84,YGCSWGS84,index_right,FID,SBZ,Name
160329,14170515144200209220,14,7,13,000,2017,05,09,2,3,2,6,0,1,0,0,0,0,0,"732944,071800000030000","5690582,584099999600000",12.343100440000057,51.31877418900007,5,5,5,Südwest
160330,14170515143219256231,14,7,13,000,2017,05,17,2,3,6,4,1,0,1,0,0,0,0,"736708,187000000030000","5692059,297000000300000",12.398000601000035,51.33047622400005,3,3,3,Südost
160331,14170515143219240680,14,7,13,000,2017,05,16,2,3,7,7,1,0,1,0,0,0,0,"730340,082399999960000","5696717,378800000100000",12.309765650000031,51.374906028000055,8,8,8,Nordwest
160348,14170514148210223940,14,7,13,000,2017,05,18,1,3,0,5,1,1,0,0,0,0,0,"735481,551199999990000","5689467,948900000200000",12.378713693000066,51.30772448500005,4,4,4,Süd
160349,14170514148210219810,14,7,13,000,2017,05,12,1,2,5,3,0,1,0,0,1,0,1,"735298,860600000010000","5690246,128999999700000",12.376610567000057,51.31478527400003,4,4,4,Süd
160350,14170514148110222710,14,7,13,000,2017,05,11,1,3,2,6,0,1,0,0,1,0,1,"737132,243699999990000","5694425,857200000400000",12.405652217000068,51.35154205100008,1,1,1,Nordost
160351,14170514148110219010,14,7,13,000,2017,05,15,1,3,5,3,0,1,0,0,1,0,0,"739056,532499999970000","5697163,297399999600000",12.435075220000044,51.37530668200003,1,1,1,Nordost
160359,14170513148210270100,14,7,13,000,2017,05,15,7,3,5,3,1,1,0,0,0,0,0,"742387,492100000030000","5691552,313500000200000",12.479024115000072,51.32353432800005,2,2,2,Ost
160360,14170513148210236790,14,7,13,000,2017,05,21,7,3,5,3,1,1,0,0,0,2,0,"738015,961899999990000","5692044,088000000500000",12.416728118000037,51.32979401600005,2,2,2,Ost
160361,14170513144200356740,14,7,13,000,2017,05,13,7,3,6,4,0,1,1,0,0,0,0,"733439,582300000010000","5693375,938699999800000",12.352028639000025,51.34364595900007,0,0,0,Mitte
160362,14170513144200206820,14,7,13,000,2017,05,10,7,3,5,3,0,1,0,0,0,0,0,"734181,168199999960000","5697031,808199999900000",12.365064129000075,51.37615767800003,9,9,9,Nord
160371,14170512148310214470,14,7,13,000,2017,05,15,6,3,4,6,1,1,0,0,0,0,0,"732210,426699999950000","5690875,877299999800000",12.332781674000046,51.32170685800003,5,5,5,Südwest
160372,14170512148310201850,14,7,13,000,2017,05,15,6,3,0,7,1,1,0,0,0,0,0,"732031,691600000020000","5692290,310899999900000",12.331141891000073,51.33447684300006,7,7,7,Alt-West
160373,14170512148210236770,14,7,13,000,2017,05,18,6,3,5,3,0,1,0,0,0,0,0,"738421,065599999970000","5691094,571899999900000",12.421897195000042,51.321101568000074,3,3,3,Südost
160374,14170512148110207690,14,7,13,000,2017,05,07,6,3,3,6,0,1,0,0,0,0,0,"735778,645999999950000","5695207,962799999900000",12.38676685200005,51.35912550200004,9,9,9,Nord
160375,14170512144200208981,14,7,13,000,2017,05,05,6,3,2,6,0,1,0,0,0,0,0,"731169,431899999970000","5691912,108000000000000",12.318539894000025,51.33143288000008,7,7,7,Alt-West
160376,14170512144200207480,14,7,13,000,2017,05,21,6,3,5,3,1,1,0,0,1,2,1,"732781,747500000060000","5692769,798100000200000",12.342203686000062,51.33847455100005,7,7,7,Alt-West
160397,14170511148423202300,14,7,13,000,2017,05,16,5,3,3,2,1,0,0,0,0,0,0,"737972,194000000020000","5693583,330199999700000",12.417129266000074,51.34362853600004,2,2,2,Ost
160398,14170511148310246420,14,7,13,000,2017,05,18,5,3,6,4,1,1,1,0,0,0,0,"732650,345300000040000","5691455,012199999800000",12.339462027000025,51.326725890000034,5,5,5,Südwest
160399,14170511148210213850,14,7,13,000,2017,05,08,5,3,6,4,1,0,1,0,0,0,0,"735001,706200000020000","5692240,800400000100000",12.373669128000074,51.33281302700004,0,0,0,Mitte
160400,14170511148210209740,14,7,13,000,2017,05,05,5,3,5,3,1,1,0,0,0,1,0,"742455,437000000030000","5692603,065000000400000",12.48071218900003,51.33293628600006,2,2,2,Ost
160401,14170511144320666090,14,7,13,000,2017,05,21,5,3,5,3,1,1,0,0,0,2,0,"736860,599300000000000","5693262,372100000300000",12.400984262000065,51.34121174200004,2,2,2,Ost
160403,14170511144200254980,14,7,13,000,2017,05,09,5,3,2,6,0,1,0,0,1,0,0,"730804,562999999970000","5696703,820399999600000",12.316418990000045,51.37459574400003,8,8,8,Nordwest
160404,14170511144200230710,14,7,13,000,2017,05,14,5,3,2,6,0,1,0,0,1,0,0,"731153,813599999990000","5693988,964599999600000",12.319664062000072,51.35008291100007,7,7,7,Alt-West
160405,14170511144200209210,14,7,13,000,2017,05,07,5,2,2,6,0,1,0,0,1,0,0,"735104,327999999980000","5694102,915699999800000",12.376368875000026,51.34948562500006,0,0,0,Mitte
160406,14170511144200207660,14,7,13,000,2017,05,18,5,3,1,5,1,1,0,0,0,0,0,"735766,850699999950000","5693011,932900000400000",12.385143288000052,51.33941828700006,0,0,0,Mitte
160407,14170511144200201260,14,7,13,000,2017,05,11,5,3,0,7,0,0,0,1,0,0,0,"736244,078699999950000","5694376,623999999800000",12.392887926000071,51.35146995900004,1,1,1,Nordost
160427,14170510148410205630,14,7,13,000,2017,05,20,4,3,3,6,0,1,0,1,0,2,0,"735013,778000000050000","5692380,409000000000000",12.373934193000025,51.33406122000008,0,0,0,Mitte
160428,14170510148310205560,14,7,13,000,2017,05,12,4,2,4,6,0,1,0,0,1,0,0,"727366,799200000010000","5691099,508399999700000",12.263528863000033,51.32567062000004,6,6,6,West
160430,14170510144200224960,14,7,13,000,2017,05,15,4,3,4,2,0,1,0,1,0,0,0,"734798,924800000040000","5696051,092299999700000",12.37327676800004,51.36709938200005,9,9,9,Nord
160431,14170510144200207460,14,7,13,000,2017,05,11,4,3,4,2,0,1,0,0,0,0,0,"735252,614399999960000","5692282,636900000300000",12.377292058000023,51.33308484600008,0,0,0,Mitte
160432,14170510144000196290,14,7,13,000,2017,05,05,4,3,5,3,1,1,0,0,0,0,0,"738420,986000000030000","5691095,074500000100000",12.421896391000075,51.32110611300004,3,3,3,Südost
160433,14170510143215205090,14,7,13,000,2017,05,11,4,3,6,7,1,0,1,0,0,0,0,"735903,506999999980000","5693503,521499999800000",12.387427349000063,51.34377423300003,0,0,0,Mitte
160448,14170509148210193201,14,7,13,000,2017,05,09,3,3,5,3,1,1,0,0,0,0,0,"739311,601999999960000","5688683,991000000400000",12.433036990000062,51.29909070900004,3,3,3,Südost
160449,14170509144320401130,14,7,13,000,2017,05,11,3,3,6,4,0,1,1,0,0,0,0,"739146,604700000030000","5693781,785699999900000",12.434093899000061,51.34491709000008,2,2,2,Ost
160461,14170508148210219770,14,7,13,000,2017,05,13,2,3,5,3,1,1,0,0,0,0,0,"735307,569200000030000","5689757,695799999900000",12.376413121000041,51.31039730700007,4,4,4,Süd
160462,14170508148210193400,14,7,13,000,2017,05,17,2,3,6,4,0,1,1,0,0,0,0,"735532,249300000020000","5689159,078400000000000",12.379235896000068,51.30493097500005,4,4,4,Süd
160463,14170508144200483610,14,7,13,000,2017,05,18,2,2,5,2,1,1,0,0,0,0,1,"736071,724099999990000","5691523,426199999600000",12.388526265000053,51.325930604000064,0,0,0,Mitte
160464,14170508144200207800,14,7,13,000,2017,05,19,2,3,3,2,1,1,0,0,0,0,1,"736975,960599999990000","5691368,246799999800000",12.401377831000048,51.32416177400006,3,3,3,Südost
160476,14170507148110186130,14,7,13,000,2017,05,16,1,3,4,2,0,1,0,1,0,0,0,"727499,667999999950000","5697700,604000000300000",12.269652930000063,51.384877636000056,8,8,8,Nordwest
160477,14170507144310186070,14,7,13,000,2017,05,00,1,2,5,3,0,1,0,0,1,2,0,"736732,175500000010000","5689059,256299999500000",12.39635292500003,51.30353730300004,4,4,4,Süd
160484,14170506148210187540,14,7,13,000,2017,05,10,7,3,0,7,0,0,0,1,0,0,1,"736745,973899999980000","5688567,615500000300000",12.39622444500003,51.29911848800003,4,4,4,Süd
160485,14170506144200192860,14,7,13,000,2017,05,17,7,3,0,1,0,0,0,1,0,0,0,"734166,232399999980000","5692132,610500000400000",12.36162622200004,51.33218643400005,0,0,0,Mitte
160486,14170506144200192820,14,7,13,000,2017,05,21,7,2,5,2,1,1,0,0,0,2,0,"737376,293999999990000","5692667,497000000400000",12.40797843100006,51.33565706400003,3,3,3,Südost
160487,14170506144200186780,14,7,13,000,2017,05,15,7,3,0,1,0,0,0,1,0,0,0,"736030,103000000000000","5693216,501799999700000",12.389051542000061,51.341145339000036,0,0,0,Mitte
160493,14170505148410190560,14,7,13,000,2017,05,12,6,3,2,2,0,1,0,0,0,0,1,"735547,123999999950000","5692910,497899999800000",12.381927274000077,51.33859883300005,0,0,0,Mitte
160494,14170505144200192900,14,7,13,000,2017,05,14,6,3,2,2,1,1,0,0,0,0,0,"731948,330399999980000","5693130,045400000200000",12.330494112000054,51.34204895500005,7,7,7,Alt-West
160495,14170505144200189450,14,7,13,000,2017,05,17,6,3,0,7,0,1,0,0,1,0,0,"735008,853600000030000","5692135,218899999700000",12.373701909000033,51.33186233400005,0,0,0,Mitte
160496,14170505144200185430,14,7,13,000,2017,05,16,6,3,5,2,0,1,1,0,0,0,0,"735777,403700000020000","5693408,198099999700000",12.385556864000023,51.34297089300003,0,0,0,Mitte
160497,14170505144100195730,14,7,13,000,2017,05,18,6,3,4,2,1,1,0,0,0,0,0,"734173,782400000030000","5693457,432400000300000",12.362605368000061,51.34407556900004,0,0,0,Mitte
160512,14170504148210201820,14,7,13,000,2017,05,23,5,3,0,7,1,0,0,0,0,2,1,"735003,807299999990000","5691776,754999999900000",12.373393214000032,51.32864670600003,0,0,0,Mitte
160513,14170504148110189580,14,7,13,000,2017,05,16,5,3,5,3,1,0,0,0,1,0,0,"735779,096400000040000","5695206,330699999800000",12.386772227000051,51.35911066500006,9,9,9,Nord
160514,14170504144200212940,14,7,13,000,2017,05,18,5,3,2,6,0,1,0,0,0,0,0,"737373,375400000020000","5692661,451899999800000",12.407932581000068,51.33560402100005,3,3,3,Südost
160515,14170504144200189070,14,7,13,000,2017,05,15,5,2,4,2,1,1,0,0,0,0,0,"742295,849000000050000","5693690,552299999600000",12.479165359000035,51.34276491300005,2,2,2,Ost
160516,14170504144200171330,14,7,13,000,2017,05,09,5,3,5,2,0,1,0,0,1,0,0,"736215,344000000040000","5692523,625000000000000",12.39124686200006,51.33484900800005,0,0,0,Mitte
160526,14170503148421255990,14,7,13,000,2017,05,13,4,2,6,4,1,0,1,0,0,0,0,"737524,760899999990000","5691507,452700000300000",12.409332706000043,51.32518245700004,3,3,3,Südost
160527,14170503148110213380,14,7,13,000,2017,05,15,4,3,5,7,1,1,0,0,0,0,0,"735841,925700000020000","5694975,581700000000000",12.38752007200003,51.35701333900005,9,9,9,Nord
160528,14170503144200189080,14,7,13,000,2017,05,15,4,3,5,3,1,1,0,0,0,0,0,"738597,140299999970000","5690428,407800000200000",12.42397373600005,51.31504831900003,3,3,3,Südost
160529,14170503144200181860,14,7,13,000,2017,05,20,4,3,4,6,0,1,0,0,1,1,0,"737851,944000000020000","5697141,843799999900000",12.41778492800006,51.375619878000066,1,1,1,Nordost
160530,14170503144200174880,14,7,13,000,2017,05,14,4,3,3,5,0,1,0,0,1,0,0,"735048,634899999950000","5691225,098100000100000",12.373671728000033,51.32367629600003,4,4,4,Süd
160541,14170531144200255070,14,7,13,000,2017,05,17,4,2,3,2,1,0,0,0,1,0,0,"736374,200300000030000","5694473,976800000300000",12.394817838000051,51.352289718000065,1,1,1,Nordost
160542,14170531144100271070,14,7,13,000,2017,05,17,4,3,4,2,0,1,0,0,0,0,0,"742154,574799999940000","5693355,838000000500000",12.476913210000077,51.33982090000006,2,2,2,Ost
160560,14170530148310303770,14,7,13,000,2017,05,17,3,3,4,2,1,1,0,0,0,0,1,"731161,103000000000000","5691921,554899999900000",12.318426673000033,51.331521069000075,7,7,7,Alt-West
160561,14170530148310263220,14,7,13,000,2017,05,19,3,3,5,3,0,1,0,0,1,0,1,"731197,485100000050000","5691880,250799999600000",12.318921216000035,51.33113550000007,7,7,7,Alt-West
160562,14170530148213255790,14,7,13,000,2017,05,10,3,3,3,2,1,0,0,0,1,0,0,"742511,079999999960000","5686440,926000000000000",12.477322146000063,51.27760468100007,3,3,3,Südost
160563,14170530148210291820,14,7,13,000,2017,05,11,3,3,5,3,1,1,0,0,0,0,0,"734754,850699999950000","5687103,457000000400000",12.366751617000034,51.28679975500006,4,4,4,Süd
160564,14170530148110255230,14,7,13,000,2017,05,18,3,3,6,2,0,1,1,0,0,0,1,"735689,846000000020000","5695833,468000000300000",12.385908149000045,51.36477701800004,9,9,9,Nord
160565,14170530144320384320,14,7,13,000,2017,05,07,3,3,0,5,1,1,0,0,0,0,0,"735202,696499999960000","5691969,734799999700000",12.37637023800005,51.33029676700005,0,0,0,Mitte
160566,14170530144200370070,14,7,13,000,2017,05,12,3,3,5,2,1,1,0,0,0,0,0,"737285,445100000010000","5694417,880099999700000",12.407842973000072,51.351406515000065,1,1,1,Nordost
160586,14170529148415255500,14,7,13,000,2017,05,17,2,3,5,3,1,1,0,0,0,0,0,"734908,173700000040000","5690883,393699999900000",12.371434285000078,51.32066702100008,4,4,4,Süd
160587,14170529148410256070,14,7,13,000,2017,05,13,2,3,3,5,1,1,0,0,0,0,0,"736103,706400000020000","5693620,078200000300000",12.390373971000031,51.344737372000054,0,0,0,Mitte
160589,14170529148310275920,14,7,13,000,2017,05,20,2,3,1,5,1,1,0,0,0,1,0,"732449,082999999980000","5691712,357900000200000",12.336746210000058,51.32911828300007,5,5,5,Südwest
160590,14170529148210255780,14,7,13,000,2017,05,06,2,3,2,6,1,1,0,0,0,0,0,"736769,842399999960000","5686731,202700000300000",12.39534885300003,51.282624474000045,4,4,4,Süd
160591,14170529148121291330,14,7,13,000,2017,05,22,2,3,5,3,1,1,0,0,0,2,0,"731536,532000000010000","5698651,820000000300000",12.328187114000059,51.39178448100006,8,8,8,Nordwest
160592,14170529148110272520,14,7,13,000,2017,05,11,2,3,5,3,0,1,0,1,0,0,0,"735014,391999999990000","5698940,866999999600000",12.378277737000076,51.39294971400005,9,9,9,Nord
160593,14170529145200292120,14,7,13,000,2017,05,20,2,3,5,3,0,1,0,0,0,0,0,"735265,981999999960000","5691395,643000000200000",12.37689806700007,51.32511734000008,4,4,4,Süd
160594,14170529144200586080,14,7,13,000,2017,05,11,2,3,2,6,0,1,0,0,0,0,0,"732909,631100000000000","5694186,694000000100000",12.344963262000022,51.35114114800007,0,0,0,Mitte
160595,14170529144200275250,14,7,13,000,2017,05,18,2,3,5,3,1,1,0,0,0,0,0,"734206,860299999940000","5692176,607400000100000",12.362237306000054,51.33256464500005,0,0,0,Mitte
160597,14170529143213255720,14,7,13,000,2017,05,06,2,3,2,6,0,1,0,0,0,0,0,"740024,718800000030000","5694378,064100000100000",12.447080976000052,51.349899065000045,2,2,2,Ost
160623,14170527148210367000,14,7,13,000,2017,05,15,7,3,5,3,0,1,0,0,0,0,0,"736324,753999999960000","5687463,036399999600000",12.389462232000028,51.289378416000034,4,4,4,Süd
160624,14170527148121272600,14,7,13,000,2017,05,13,7,3,0,6,1,1,0,0,0,0,0,"737860,435300000010000","5697863,173800000000000",12.418389512000033,51.382090909000055,1,1,1,Nordost
160625,14170527144320364110,14,7,13,000,2017,05,11,7,3,5,3,0,1,0,1,0,0,0,"734099,038999999990000","5693665,135999999900000",12.361670636000042,51.345970796000074,0,0,0,Mitte
160627,14170527144200313410,14,7,13,000,2017,05,21,7,3,6,7,0,1,0,0,1,2,0,"733892,670900000030000","5693349,974399999700000",12.358505630000025,51.34322668400006,0,0,0,Mitte
160638,14170526144200271610,14,7,13,000,2017,05,14,6,2,3,2,0,1,0,1,0,0,0,"736223,019500000050000","5691916,578400000000000",12.390954416000056,51.32939683300003,0,0,0,Mitte
160639,14170526144200263430,14,7,13,000,2017,05,20,6,3,4,2,0,1,0,0,0,1,0,"730305,680000000050000","5688551,055300000100000",12.303992083000026,51.30161096200004,5,5,5,Südwest
160641,14170526144200256240,14,7,13,000,2017,05,16,6,3,1,5,1,0,0,0,1,0,0,"734514,900999999950000","5693135,598799999800000",12.36728262400004,51.34104605400006,0,0,0,Mitte
160642,14170526144200254850,14,7,13,000,2017,05,17,6,3,5,3,1,0,0,0,1,0,0,"729486,797499999990000","5700949,172199999900000",12.300261847000058,51.41324017000005,8,8,8,Nordwest
160649,14170525148410240390,14,7,13,000,2017,05,10,5,3,6,4,0,1,1,0,0,0,0,"737800,913700000030000","5693761,543999999800000",12.41479349900004,51.34529984300008,2,2,2,Ost
160650,14170525148220256260,14,7,13,000,2017,05,22,5,3,5,3,1,1,0,0,0,2,0,"736423,545599999950000","5691200,237499999800000",12.393352400000026,51.322883500000046,0,0,0,Mitte
160651,14170525144200246200,14,7,13,000,2017,05,14,5,3,4,7,1,0,0,0,1,0,0,"735260,600499999940000","5693833,228299999600000",12.378430717000072,51.34700017200004,0,0,0,Mitte
160669,14170524148410246480,14,7,13,000,2017,05,18,4,3,3,2,1,1,0,0,0,0,0,"738864,175099999990000","5694482,774500000300000",12.43051641300002,51.35132777600006,2,2,2,Ost
160670,14170524148410242620,14,7,13,000,2017,05,18,4,3,5,3,1,1,0,0,0,0,0,"736262,658999999990000","5688514,285000000100000",12.389268819000051,51.29884050000004,4,4,4,Süd
160671,14170524148310241890,14,7,13,000,2017,05,14,4,3,0,7,1,0,0,0,0,0,0,"732575,400400000040000","5692082,622399999800000",12.33879781500002,51.33239041000007,7,7,7,Alt-West
160672,14170524148210343370,14,7,13,000,2017,05,10,4,3,5,3,0,1,0,0,1,0,0,"740793,393000000040000","5686765,034000000000000",12.452959056000054,51.28124211000005,3,3,3,Südost
160673,14170524148210246370,14,7,13,000,2017,05,09,4,3,4,2,0,1,0,0,0,0,0,"739494,834999999960000","5691859,810999999800000",12.437792671000068,51.32751929500006,2,2,2,Ost
160674,14170524144200271670,14,7,13,000,2017,05,23,4,3,6,4,0,1,1,0,0,2,0,"738711,689400000030000","5689283,629900000100000",12.424848491000034,51.304724828000076,3,3,3,Südost
160675,14170524144200245530,14,7,13,000,2017,05,14,4,2,5,3,0,1,0,0,0,0,0,"731780,167200000030000","5691739,971900000200000",12.327179461000071,51.32963911100006,5,5,5,Südwest
160676,14170524143219271060,14,7,13,000,2017,05,16,4,3,5,3,1,1,0,0,0,0,0,"734850,616999999970000","5691914,469999999700000",12.371289062000073,51.32994615600006,0,0,0,Mitte
160695,14170523148410264200,14,7,13,000,2017,05,17,3,3,4,2,1,1,0,0,0,0,0,"733641,216999999950000","5693977,916299999700000",12.355313681000041,51.34896681100008,0,0,0,Mitte
160696,14170523148410240410,14,7,13,000,2017,05,11,3,2,0,7,1,1,0,0,0,0,0,"737236,891799999980000","5692231,940399999700000",12.405690839000044,51.33180563600007,3,3,3,Südost
160697,14170523148310303480,14,7,13,000,2017,05,16,3,3,4,6,1,1,0,0,0,0,0,"731481,430599999960000","5688726,762799999700000",12.320943159000024,51.30271151800008,5,5,5,Südwest
160698,14170523148310242530,14,7,13,000,2017,05,17,3,3,2,6,1,1,0,0,0,0,0,"731724,031100000020000","5690258,427799999700000",12.325412117000042,51.316362397000034,5,5,5,Südwest
160699,14170523148310237290,14,7,13,000,2017,05,14,3,3,2,6,1,1,0,0,0,0,0,"732569,781800000000000","5691515,469700000200000",12.338347175000024,51.327301540000065,5,5,5,Südwest
160700,14170523148210240300,14,7,13,000,2017,05,15,3,3,2,6,0,1,0,0,0,0,0,"739932,100199999990000","5693205,046299999600000",12.444963026000039,51.33940951100004,2,2,2,Ost
160701,14170523144200263420,14,7,13,000,2017,05,07,3,3,3,2,1,1,0,0,0,0,0,"731373,213100000050000","5691606,975999999800000",12.321261880000066,51.328610895000054,7,7,7,Alt-West
160702,14170523144200255740,14,7,13,000,2017,05,17,3,3,0,1,1,0,0,0,0,0,0,"736652,249599999980000","5687797,212200000000000",12.394371877000026,51.292242111000064,4,4,4,Süd
160703,14170523144200255660,14,7,13,000,2017,05,19,3,3,1,5,1,1,0,0,0,0,0,"735037,190500000030000","5691203,054600000400000",12.373493238000037,51.32348315200005,4,4,4,Süd
160704,14170523144200241070,14,7,13,000,2017,05,17,3,3,3,2,1,1,0,0,0,0,0,"730302,101700000000000","5693549,664599999800000",12.30717011300004,51.34648504200004,7,7,7,Alt-West
160705,14170523144200240720,14,7,13,000,2017,05,10,3,3,2,6,0,1,0,0,0,0,0,"741610,024800000010000","5693941,761699999700000",12.469507356000065,51.34531147000007,2,2,2,Ost
160706,14170523144200237020,14,7,13,000,2017,05,11,3,3,2,2,1,1,0,0,0,0,0,"737374,731000000030000","5692664,259700000300000",12.407953877000068,51.335628658000076,3,3,3,Südost
160735,14170522148310237220,14,7,13,000,2017,05,17,2,2,8,1,0,0,0,1,0,0,0,"727935,026100000020000","5682565,579099999700000",12.266225661000021,51.24883066500007,5,5,5,Südwest
160736,14170522148220255410,14,7,13,000,2017,05,13,2,3,5,2,1,1,0,0,0,0,0,"737469,974500000010000","5690709,338800000000000",12.40801625000006,51.318041391000065,3,3,3,Südost
160737,14170522148210237000,14,7,13,000,2017,05,08,2,3,5,3,1,0,0,0,1,0,0,"735144,264899999950000","5689217,104799999900000",12.373717992000024,51.30561221500005,4,4,4,Süd
160738,14170522148110241130,14,7,13,000,2017,05,10,2,3,5,3,1,1,0,0,0,0,0,"734571,790299999990000","5694870,093200000000000",12.369240878000028,51.35659211800004,9,9,9,Nord
160739,14170522148110236640,14,7,13,000,2017,05,15,2,3,5,2,0,0,0,1,1,0,0,"734463,085399999980000","5699394,316300000100000",12.370667033000075,51.39724803100006,9,9,9,Nord
160740,14170522144200343971,14,7,13,000,2017,05,15,2,3,5,3,0,1,0,1,0,0,0,"734715,106400000050000","5690348,732300000300000",12.368316593000031,51.31594732500008,4,4,4,Süd
160741,14170522144200275230,14,7,13,000,2017,05,12,2,3,5,3,0,1,0,0,0,0,0,"735663,780000000030000","5689082,151999999800000",12.38106867600004,51.30418602800006,4,4,4,Süd
160753,14170521144200221960,14,7,13,000,2017,05,20,1,2,6,4,0,0,1,0,1,0,0,"741415,275999999950000","5688372,801000000000000",12.46294587500006,51.295409703000075,3,3,3,Südost
160760,14170520148410215350,14,7,13,000,2017,05,21,7,3,1,7,0,1,0,0,0,2,0,"734460,937700000010000","5692085,159599999900000",12.365817876000051,51.331639092000046,0,0,0,Mitte
160762,14170520144200241050,14,7,13,000,2017,05,15,7,3,5,2,1,1,0,0,0,0,0,"738164,789499999960000","5689969,343700000100000",12.41747467600004,51.31110883900004,3,3,3,Südost
160774,14170519148410224710,14,7,13,000,2017,05,17,6,3,3,5,1,1,0,0,0,0,0,"736089,400400000040000","5692513,120600000000000",12.389435178000042,51.334807011000066,0,0,0,Mitte
160775,14170519148410224610,14,7,13,000,2017,05,11,6,3,3,6,1,1,0,0,0,0,0,"735701,083499999950000","5695689,074900000400000",12.385973596000042,51.363476251000066,9,9,9,Nord
160776,14170519148310237180,14,7,13,000,2017,05,21,6,3,5,2,0,0,0,0,1,2,1,"730023,763999999970000","5689921,898000000000000",12.30083860700006,51.31403110200006,6,6,6,West
160777,14170519148310224580,14,7,13,000,2017,05,15,6,3,4,2,1,1,0,0,0,0,0,"732905,847500000030000","5691691,553899999700000",12.343277379000028,51.32874470500008,5,5,5,Südwest
160779,14170519144200572940,14,7,13,000,2017,05,15,6,3,4,6,1,0,0,0,0,0,0,"738874,431100000050000","5692724,471099999700000",12.429483944000026,51.33554120900004,2,2,2,Ost
160780,14170519144200221970,14,7,13,000,2017,05,14,6,3,3,2,0,1,0,0,1,0,0,"735045,718400000010000","5691285,124800000300000",12.373669522000057,51.324216324000076,4,4,4,Süd
160781,14170519144200214660,14,7,13,000,2017,05,13,6,3,5,3,0,1,0,0,0,0,0,"735738,911800000000000","5692768,762900000400000",12.384581959000059,51.33724710800004,0,0,0,Mitte
160801,14170518148410240360,14,7,13,000,2017,05,15,5,2,3,2,1,1,0,0,0,0,0,"734785,447999999970000","5692625,201000000400000",12.370823629000029,51.33635287300007,0,0,0,Mitte
160802,14170518148310241910,14,7,13,000,2017,05,10,5,3,3,2,1,1,0,0,0,0,0,"731213,949999999950000","5688472,561999999900000",12.316948000000025,51.300538249000056,5,5,5,Südwest
160803,14170518148210236880,14,7,13,000,2017,05,07,5,3,6,4,0,1,1,0,0,0,0,"737791,969900000030000","5693078,934899999800000",12.414209518000064,51.33917648900007,2,2,2,Ost
160805,14170518145200222580,14,7,13,000,2017,05,18,5,3,4,2,1,1,0,0,0,0,0,"738188,924000000000000","5692414,271999999900000",12.419453689000022,51.33304437900006,2,2,2,Ost
160806,14170518144200370010,14,7,13,000,2017,05,14,5,3,5,3,1,1,0,0,0,0,0,"731639,328800000020000","5696527,311300000200000",12.328276981000045,51.37267141600006,8,8,8,Nordwest
160807,14170518144200255580,14,7,13,000,2017,05,16,5,3,5,3,1,1,0,0,0,0,0,"735598,007199999990000","5689200,231300000100000",12.380204745000071,51.30527317200006,4,4,4,Süd
160808,14170518144200246710,14,7,13,000,2017,05,12,5,2,5,3,1,1,0,0,0,0,0,"734288,728299999960000","5698408,015700000300000",12.367514335000067,51.38846666500007,9,9,9,Nord
160809,14170518144200237420,14,7,13,000,2017,05,17,5,3,5,3,1,0,0,1,0,0,0,"733716,014100000030000","5692756,989900000400000",12.35558452600003,51.337976378000064,0,0,0,Mitte
160848,14170613148310309680,14,7,13,000,2017,06,16,3,3,5,3,0,1,0,0,0,0,0,"730421,642100000060000","5690953,192699999500000",12.307204342000034,51.32312811600008,7,7,7,Alt-West
160851,14170613144200368900,14,7,13,000,2017,06,08,3,3,5,2,1,1,0,0,0,0,0,"732741,453100000040000","5692084,237499999800000",12.341178334000062,51.332336987000076,7,7,7,Alt-West
160852,14170613144200356710,14,7,13,000,2017,06,18,3,3,1,5,1,1,0,0,0,0,0,"735317,613099999960000","5693447,772099999700000",12.378993164000065,51.343516599000054,0,0,0,Mitte
160853,14170613144200341130,14,7,13,000,2017,06,10,3,3,2,6,0,1,0,0,0,0,0,"728173,997199999980000","5689349,076000000400000",12.273974789000022,51.309633276000056,6,6,6,West
160854,14170613144200291090,14,7,13,000,2017,06,06,3,2,6,4,0,1,1,0,0,0,0,"731317,411500000050000","5696725,709900000100000",12.323789026000043,51.37458359400006,8,8,8,Nordwest
160855,14170613144000315480,14,7,13,000,2017,06,16,3,3,6,4,1,0,1,0,0,0,0,"735272,763400000050000","5693358,302199999800000",12.37829124500007,51.34273204800007,0,0,0,Mitte
160871,14170612148410360250,14,7,13,000,2017,06,18,2,3,2,2,0,1,0,0,0,0,0,"736972,714500000000000","5693016,088800000000000",12.402427169000077,51.33895436500006,2,2,2,Ost