OBJECTID,UIDENTSTLA,ULAND,UREGBEZ,UKREIS,UGEMEINDE,UJAHR,UMONAT,USTUNDE,UWOCHENTAG,UKATEGORIE,UART,UTYP1,IstRad,IstPKW,IstFuss,IstKrad,IstSonstig,LICHT,STRZUSTAND,LINREFX,LINREFY,XGCSWGS84,YGCSWGS84,index_right,FID,SBZ,Name
160872,14170612148410292300,14,7,13,000,2017,06,06,2,3,6,4,0,1,1,0,0,0,0,"736545,183300000030000","5693017,136599999900000",12.39630100900007,51.33914176800005,3,3,3,Südost
160873,14170612148320334580,14,7,13,000,2017,06,11,2,3,6,4,0,1,0,0,1,0,0,"731297,498900000010000","5692404,546799999700000",12.320694721000052,51.33580137800004,7,7,7,Alt-West
160874,14170612144310292220,14,7,13,000,2017,06,16,2,3,5,3,1,1,0,0,0,0,0,"737248,788100000010000","5693109,705600000000000",12.40644584200004,51.33967956500004,2,2,2,Ost
160875,14170612144200359380,14,7,13,000,2017,06,16,2,2,6,4,0,0,1,1,0,0,0,"736339,526300000030000","5695733,542500000400000",12.395157451000046,51.36361019000003,9,9,9,Nord
160876,14170612144200356720,14,7,13,000,2017,06,15,2,3,2,6,0,1,0,1,0,0,0,"735683,822799999970000","5696163,651999999800000",12.386040603000026,51.367743321000034,9,9,9,Nord
160891,14170611148410318140,14,7,13,000,2017,06,18,1,3,3,2,1,1,0,0,0,0,0,"730304,065399999960000","5693551,715300000300000",12.30719958800006,51.34650265500005,7,7,7,Alt-West
160892,14170611148310303600,14,7,13,000,2017,06,17,1,2,5,3,1,1,0,0,0,0,0,"727228,513000000040000","5693208,350999999800000",12.262892492000049,51.34465778500004,7,7,7,Alt-West
160901,14170610148410315240,14,7,13,000,2017,06,09,7,3,5,3,0,1,0,0,0,0,0,"733212,996000000040000","5693923,597000000100000",12.34913971900005,51.34865505100004,0,0,0,Mitte
160902,14170610148210314790,14,7,13,000,2017,06,18,7,3,4,6,0,1,0,1,0,0,0,"736267,307500000000000","5688577,498999999800000",12.389377214000035,51.299405998000054,4,4,4,Süd
160903,14170610144200309300,14,7,13,000,2017,06,10,7,2,6,4,0,0,1,0,1,0,0,"729776,385299999970000","5691142,288900000000000",12.298081454000055,51.32508659800004,6,6,6,West
160904,14170610144200291480,14,7,13,000,2017,06,14,7,3,5,3,0,1,0,0,0,0,0,"740661,640999999950000","5689406,252999999600000",12.45285326000004,51.30500459800004,3,3,3,Südost
160905,14170610144200290970,14,7,13,000,2017,06,15,7,3,6,4,0,1,1,0,0,0,0,"737770,986500000000000","5698216,338700000200000",12.417342822000023,51.38529834700006,1,1,1,Nordost
160906,14170610144200290840,14,7,13,000,2017,06,20,7,3,5,3,0,1,0,0,0,0,0,"737997,153599999960000","5695111,183400000400000",12.418508531000043,51.35733201800008,1,1,1,Nordost
160924,14170609148210306800,14,7,13,000,2017,06,08,6,3,5,3,0,1,0,1,0,0,0,"738704,718499999960000","5691059,969899999900000",12.425937302000023,51.32067206500005,3,3,3,Südost
160926,14170609144200292000,14,7,13,000,2017,06,07,6,3,5,2,0,1,0,0,0,0,0,"740994,984999999990000","5696234,657999999800000",12.462245575000054,51.36615246000008,2,2,2,Ost
160945,14170608148210291640,14,7,13,000,2017,06,06,5,3,3,7,1,1,0,0,0,0,0,"734633,461299999970000","5690878,908900000200000",12.367495938000047,51.32074010300005,4,4,4,Süd
160948,14170608144200292521,14,7,13,000,2017,06,16,5,2,4,2,1,1,0,0,0,0,0,"737279,137899999970000","5693754,539699999600000",12.407310432000031,51.34545497300007,2,2,2,Ost
160971,14170607148410292430,14,7,13,000,2017,06,12,4,3,2,2,0,1,0,0,0,0,0,"736085,734999999990000","5692631,626299999700000",12.389461185000073,51.33587226800006,0,0,0,Mitte
160972,14170607148410292340,14,7,13,000,2017,06,17,4,3,5,3,1,1,0,0,0,0,0,"734701,011599999970000","5693382,109899999600000",12.370112395000035,51.34318205000005,0,0,0,Mitte
160974,14170607148210303850,14,7,13,000,2017,06,17,4,3,5,3,0,1,0,0,0,0,0,"730304,577399999950000","5693552,250000000000000",12.307207273000074,51.34650724800008,7,7,7,Alt-West
160975,14170607148110343220,14,7,13,000,2017,06,19,4,3,5,3,0,1,0,1,0,0,0,"733656,475600000010000","5695712,892000000000000",12.356671709000068,51.36453456900006,9,9,9,Nord
160978,14170607144200292660,14,7,13,000,2017,06,11,4,3,5,3,1,1,0,0,0,0,0,"734177,004599999990000","5692176,031499999600000",12.361809115000028,51.33257176800004,0,0,0,Mitte
160979,14170607144200292530,14,7,13,000,2017,06,17,4,3,5,3,0,1,0,1,0,0,0,"736191,574600000050000","5691878,140999999800000",12.390478402000042,51.32906486600007,0,0,0,Mitte
160980,14170607144200291220,14,7,13,000,2017,06,18,4,3,5,3,1,1,0,0,0,0,0,"733900,120699999970000","5695033,063500000200000",12.359718409000038,51.35833185600006,9,9,9,Nord
160997,14170606148410292410,14,7,13,000,2017,06,16,3,3,6,4,0,1,1,0,0,0,1,"733647,848200000010000","5693961,257600000100000",12.355397802000027,51.34881454900005,0,0,0,Mitte
160998,14170606148410291870,14,7,13,000,2017,06,16,3,3,2,6,0,1,0,0,0,0,1,"735073,406899999940000","5689894,943799999500000",12.373149829000056,51.31172605000006,4,4,4,Süd
160999,14170606148310303860,14,7,13,000,2017,06,08,3,3,5,3,0,1,0,0,1,0,0,"729755,654499999950000","5689856,241299999900000",12.296955788000048,51.313549987000044,6,6,6,West
161000,14170606148310303820,14,7,13,000,2017,06,17,3,3,0,7,1,0,0,0,0,0,0,"731760,030200000040000","5689905,685100000400000",12.325698594000073,51.31318121800007,5,5,5,Südwest
161001,14170606148210291930,14,7,13,000,2017,06,09,3,3,1,1,0,1,0,0,1,0,0,"743260,045300000000000","5694523,258700000100000",12.493551758000024,51.34982697400005,2,2,2,Ost
161002,14170606148110267430,14,7,13,000,2017,06,07,3,3,3,2,1,0,0,0,1,0,0,"735408,690999999990000","5695551,200100000000000",12.381689832000063,51.36235987200007,9,9,9,Nord
161003,14170606145200366740,14,7,13,000,2017,06,23,3,3,0,1,0,0,0,1,0,2,0,"735629,988000000010000","5695932,485000000300000",12.385115446000043,51.365690646000076,9,9,9,Nord
161004,14170606144200292641,14,7,13,000,2017,06,13,3,3,3,2,1,1,0,0,0,0,0,"735085,731200000040000","5689887,586000000100000",12.373321497000063,51.31165491400003,4,4,4,Süd
161005,14170606144200292510,14,7,13,000,2017,06,16,3,2,3,2,0,1,0,0,1,0,0,"734850,424000000000000","5694203,877000000300000",12.372795919000055,51.350496846000055,0,0,0,Mitte
161007,14170606144100303620,14,7,13,000,2017,06,09,3,3,0,1,1,0,0,0,0,0,0,"727246,925399999950000","5693205,641900000200000",12.263154695000026,51.34462610500003,7,7,7,Alt-West
161008,14170606144000291460,14,7,13,000,2017,06,12,3,3,2,6,0,1,0,0,0,0,0,"736632,973600000030000","5687094,835000000000000",12.393630629000029,51.285945395000056,4,4,4,Süd
161027,14170605144200269541,14,7,13,000,2017,06,14,2,3,2,2,1,1,0,0,0,0,0,"727393,601000000020000","5697707,718000000300000",12.268135741000037,51.38498399400004,8,8,8,Nordwest
161034,14170604148220273310,14,7,13,000,2017,06,14,1,3,0,1,0,0,0,1,0,0,1,"731107,728600000030000","5693468,441300000100000",12.318665504000023,51.345428981000055,7,7,7,Alt-West
161044,14170603148410271290,14,7,13,000,2017,06,18,7,3,1,5,0,1,0,0,0,0,1,"734390,915000000040000","5691546,386300000400000",12.364460177000069,51.32683166500004,0,0,0,Mitte
161045,14170603148410271260,14,7,13,000,2017,06,10,7,3,1,7,0,1,0,0,1,0,0,"737280,422200000030000","5693758,111800000100000",12.40733122000006,51.34548650000005,2,2,2,Ost
161046,14170603148310273350,14,7,13,000,2017,06,13,7,3,0,1,1,0,0,0,0,0,0,"730945,610499999950000","5693740,534799999600000",12.316518208000048,51.34793741300007,7,7,7,Alt-West
161053,14170602148410292180,14,7,13,000,2017,06,11,6,3,2,6,1,1,0,0,0,0,0,"737373,866500000000000","5692662,469100000300000",12.40794029600005,51.33561294700007,3,3,3,Südost
161054,14170602148410270170,14,7,13,000,2017,06,17,6,3,3,7,1,1,0,0,0,0,0,"734813,532800000040000","5692329,401300000000000",12.371031135000067,51.33368606000005,0,0,0,Mitte
161055,14170602144200316550,14,7,13,000,2017,06,07,6,3,5,3,1,1,0,0,0,0,0,"734524,312099999980000","5691868,682400000300000",12.366583498000068,51.32966976800003,0,0,0,Mitte
161056,14170602143215349640,14,7,13,000,2017,06,13,6,3,4,6,1,1,0,0,0,0,1,"735535,206299999960000","5692261,180800000200000",12.381327191000025,51.33277529800006,0,0,0,Mitte
161080,14170601148410270150,14,7,13,000,2017,06,14,5,3,2,6,0,1,0,0,0,0,0,"735307,097700000040000","5695226,896900000100000",12.38001863900007,51.35949091700007,0,0,0,Mitte
161081,14170601144200279770,14,7,13,000,2017,06,15,5,3,5,3,0,1,0,0,0,0,0,"731961,522299999950000","5690844,509100000400000",12.329195363000053,51.32152679500007,5,5,5,Südwest
161082,14170601144200279760,14,7,13,000,2017,06,17,5,3,4,2,1,1,0,0,0,0,0,"731774,851299999980000","5691017,758299999900000",12.326633671000025,51.32315809100004,5,5,5,Südwest
161083,14170601144200275390,14,7,13,000,2017,06,10,5,3,5,3,0,1,0,0,0,0,0,"731562,870499999960000","5692982,643400000400000",12.324873550000063,51.34088286400004,7,7,7,Alt-West
161109,14170531148415256360,14,7,13,000,2017,05,17,4,3,6,6,1,0,1,0,0,0,0,"735069,736099999980000","5692564,810999999800000",12.374857719000033,51.335693356000036,0,0,0,Mitte
161110,14170531148410256340,14,7,13,000,2017,05,20,4,3,2,6,0,1,0,0,0,1,0,"735354,634599999990000","5693555,650700000100000",12.379595077000033,51.34446962800007,0,0,0,Mitte
161111,14170531148410255820,14,7,13,000,2017,05,06,4,3,2,1,1,1,0,0,0,0,0,"737175,136100000000000","5693758,682000000000000",12.40582256700003,51.34553555000008,2,2,2,Ost
161112,14170531148224273620,14,7,13,000,2017,05,18,4,3,6,4,1,0,1,0,0,0,0,"735722,099900000030000","5689115,998999999800000",12.381926183000076,51.304465709000056,4,4,4,Süd
161113,14170531148210270600,14,7,13,000,2017,05,11,4,3,5,3,1,1,0,0,0,0,0,"734463,731700000000000","5691194,568300000400000",12.365272051000034,51.32364357500006,4,4,4,Süd
161114,14170531144200275400,14,7,13,000,2017,05,12,4,3,3,6,1,1,0,0,0,0,0,"734841,994300000020000","5692096,745299999600000",12.37128563500005,51.33158589400006,0,0,0,Mitte
161115,14170531144200255080,14,7,13,000,2017,05,15,4,2,5,3,0,1,0,0,0,0,0,"735430,064499999980000","5699083,433799999800000",12.384336275000067,51.39405715400005,9,9,9,Nord
161122,14170626144200370040,14,7,13,000,2017,06,18,2,3,5,3,1,1,0,0,0,0,0,"729929,767600000020000","5693258,038200000300000",12.30164455800002,51.344017816000076,7,7,7,Alt-West
161124,14170626144200356700,14,7,13,000,2017,06,15,2,3,6,7,0,1,1,0,0,0,0,"737561,554000000000000","5692607,672000000300000",12.410593234000032,51.33504272000005,2,2,2,Ost
161135,14170626144200342640,14,7,13,000,2017,06,07,2,3,5,5,1,1,0,0,0,0,0,"735032,421899999960000","5690894,116000000400000",12.373221264000051,51.320711963000065,4,4,4,Süd
161136,14170626144200336490,14,7,13,000,2017,06,18,2,3,1,5,1,1,0,0,0,0,0,"735454,885600000040000","5690035,736999999700000",12.378706519000048,51.312832194000066,4,4,4,Süd
161137,14170626144200336460,14,7,13,000,2017,06,13,2,3,4,2,0,0,0,0,1,0,0,"727954,970100000040000","5699604,695200000000000",12.277407544000027,51.40178836700005,8,8,8,Nordwest
161148,14170625148410385030,14,7,13,000,2017,06,15,1,3,6,7,0,1,1,0,0,0,0,"734937,133099999980000","5693017,400299999900000",12.37325600500003,51.33981076400005,0,0,0,Mitte
161149,14170625148410360230,14,7,13,000,2017,06,05,1,3,3,6,1,1,0,0,0,0,0,"733507,748999999950000","5694240,066999999800000",12.353572449000069,51.35137486000008,0,0,0,Mitte
161150,14170625148310339840,14,7,13,000,2017,06,13,1,3,6,4,0,1,1,0,0,0,0,"727911,199600000050000","5689085,443199999600000",12.270042211000032,51.307371826000065,6,6,6,West
161152,14170625144200357720,14,7,13,000,2017,06,11,1,2,5,3,0,1,0,0,0,0,0,"737885,138500000000000","5690610,543600000400000",12.413897174000056,51.31698121200003,3,3,3,Südost
161163,14170624148210337150,14,7,13,000,2017,06,16,7,3,6,4,0,1,1,0,0,0,0,"742498,448300000050000","5694572,648000000000000",12.482669543000043,51.35059565700004,2,2,2,Ost
161165,14170624144200340910,14,7,13,000,2017,06,08,7,3,5,3,1,1,0,0,0,0,0,"732374,798300000020000","5692774,876000000200000",12.336374800000044,51.33868657100004,7,7,7,Alt-West
161167,14170624144200336650,14,7,13,000,2017,06,11,7,2,5,3,1,1,0,0,0,0,0,"736813,873400000040000","5692533,620500000200000",12.39983012700003,51.33468983300003,3,3,3,Südost
161184,14170623148410373750,14,7,13,000,2017,06,03,6,3,6,2,0,1,1,0,0,2,1,"733563,638000000040000","5693074,517799999600000",12.353609026000072,51.340889290000064,0,0,0,Mitte
161185,14170623148310352980,14,7,13,000,2017,06,18,6,3,5,3,0,1,0,0,0,0,0,"728952,263099999980000","5694822,664900000200000",12.28863954600007,51.35845816400007,7,7,7,Alt-West
161186,14170623148310341830,14,7,13,000,2017,06,14,6,3,1,7,1,1,0,0,0,0,0,"732891,198800000010000","5691677,166100000000000",12.343058084000063,51.32862154800006,5,5,5,Südwest
161187,14170623144200488540,14,7,13,000,2017,06,15,6,2,5,3,0,1,0,0,0,0,0,"737188,057900000010000","5693904,833900000000000",12.406105134000029,51.346842028000026,2,2,2,Ost
161188,14170623144200340750,14,7,13,000,2017,06,23,6,2,6,4,0,1,1,0,0,2,0,"735613,783999999990000","5693400,779000000100000",12.383206919000031,51.34297212200005,0,0,0,Mitte
161189,14170623144200338790,14,7,13,000,2017,06,15,6,1,3,2,1,1,0,0,0,0,0,"731287,443699999950000","5690690,493200000400000",12.31943829000005,51.320418604000054,7,7,7,Alt-West
161202,14170622148410389070,14,7,13,000,2017,06,15,5,3,2,6,0,1,0,0,1,0,0,"734805,606700000000000","5691662,927100000000000",12.370478412000068,51.327706781000074,0,0,0,Mitte
161203,14170622148410364091,14,7,13,000,2017,06,18,5,2,4,2,0,1,0,1,1,1,1,"737954,327999999980000","5693921,257000000200000",12.417099045000043,51.34666923200007,2,2,2,Ost
161204,14170622148410341910,14,7,13,000,2017,06,07,5,3,6,7,0,1,1,0,0,0,0,"736146,239900000040000","5692833,764100000300000",12.390462212000045,51.337661583000056,0,0,0,Mitte
161205,14170622148410337440,14,7,13,000,2017,06,08,5,3,5,3,1,1,0,0,0,0,0,"733253,959500000000000","5691733,219600000400000",12.348292514000036,51.32897609200006,5,5,5,Südwest
161206,14170622148210373950,14,7,13,000,2017,06,16,5,3,5,2,1,1,0,0,0,0,0,"738163,846800000060000","5689968,449000000000000",12.417460577000043,51.31110120200003,3,3,3,Südost
161207,14170622144200476850,14,7,13,000,2017,06,13,5,2,5,3,0,1,0,1,0,0,0,"736502,519500000050000","5687435,536000000300000",12.391988814000058,51.28905779200005,4,4,4,Süd
161208,14170622144200359290,14,7,13,000,2017,06,10,5,2,0,1,1,0,0,0,0,0,0,"735184,115299999950000","5688969,516499999900000",12.374125524000021,51.303373297000064,4,4,4,Süd
161209,14170622144200342630,14,7,13,000,2017,06,23,5,3,6,4,0,1,1,0,0,2,1,"735832,621000000040000","5693454,691999999800000",12.386379041000055,51.343365334000055,0,0,0,Mitte
161210,14170622144200341140,14,7,13,000,2017,06,08,5,3,4,2,1,1,0,0,0,0,0,"735782,217700000040000","5693208,473199999900000",12.385493626000027,51.341176113000074,0,0,0,Mitte
161211,14170622144200340770,14,7,13,000,2017,06,10,5,3,3,6,1,1,0,0,0,0,0,"732715,904400000000000","5696024,274799999800000",12.34338813000005,51.36771577800005,8,8,8,Nordwest
161212,14170622144100369980,14,7,13,000,2017,06,08,5,2,4,6,1,0,0,0,0,0,0,"732342,158999999990000","5688323,152999999900000",12.333006496000053,51.29873782000004,5,5,5,Südwest
161231,14170621148410397050,14,7,13,000,2017,06,11,4,3,5,3,1,1,0,0,0,0,0,"735105,227700000050000","5694884,465099999700000",12.376898058000052,51.35650069700006,0,0,0,Mitte
161232,14170621148410339870,14,7,13,000,2017,06,15,4,3,1,5,1,1,0,0,0,0,0,"735572,370000000000000","5692150,795699999700000",12.381786735000048,51.33176905600004,0,0,0,Mitte
161233,14170621148410325910,14,7,13,000,2017,06,10,4,3,5,3,1,0,0,0,1,0,0,"734052,751700000020000","5692308,201700000100000",12.360115475000043,51.33380933800004,0,0,0,Mitte
161234,14170621148410325900,14,7,13,000,2017,06,13,4,3,5,5,0,1,0,0,0,0,0,"733107,140000000010000","5695881,562699999700000",12.348905090000073,51.36627430900006,8,8,8,Nordwest
161235,14170621148323353040,14,7,13,000,2017,06,13,4,3,6,4,0,1,1,0,0,0,0,"728994,993400000040000","5694632,211400000400000",12.289129654000021,51.356731223000054,7,7,7,Alt-West
161236,14170621148220337160,14,7,13,000,2017,06,09,4,3,5,3,1,1,0,0,0,0,0,"738800,802200000030000","5691161,124400000100000",12.427381414000024,51.32153970400003,3,3,3,Südost
161237,14170621148110373790,14,7,13,000,2017,06,14,4,3,5,3,1,1,0,0,0,0,0,"736288,629300000030000","5697165,887900000400000",12.395379554000044,51.376488280000046,9,9,9,Nord
161238,14170621144320528200,14,7,13,000,2017,06,12,4,3,1,5,1,1,0,0,0,0,0,"733251,019300000040000","5692015,736999999700000",12.34843530300003,51.33151335000008,5,5,5,Südwest
161239,14170621144200593790,14,7,13,000,2017,06,08,4,2,5,2,1,0,0,0,1,0,0,"737182,270200000030000","5693716,717100000000000",12.405896863000066,51.34515589400007,2,2,2,Ost
161241,14170621143212366380,14,7,13,000,2017,06,21,4,2,3,6,1,0,0,0,0,1,0,"735110,503400000050000","5694336,667600000300000",12.376611792000062,51.35158130600007,0,0,0,Mitte
161263,14170620148410364080,14,7,13,000,2017,06,11,3,3,5,2,1,1,0,0,0,0,0,"734807,733899999990000","5691557,524100000000000",12.370439453000074,51.32675976100006,0,0,0,Mitte
161264,14170620148410342320,14,7,13,000,2017,06,20,3,3,3,2,1,1,0,0,0,0,0,"736279,458199999990000","5691253,534799999600000",12.39132354800006,51.32342176100008,0,0,0,Mitte
161265,14170620148410334700,14,7,13,000,2017,06,12,3,3,3,2,1,1,0,0,0,0,0,"735023,784199999990000","5691652,768600000100000",12.373597682000025,51.32752550200007,0,0,0,Mitte
161266,14170620148410330790,14,7,13,000,2017,06,16,3,3,5,3,1,1,0,0,0,0,0,"735595,018799999960000","5693122,416500000300000",12.382753824000076,51.34048123600007,0,0,0,Mitte
161267,14170620148410330780,14,7,13,000,2017,06,15,3,3,3,2,1,1,0,0,0,0,0,"736307,974099999990000","5692445,853400000400000",12.392522629000041,51.334112435000065,0,0,0,Mitte
161268,14170620144200336500,14,7,13,000,2017,06,08,3,3,4,2,1,1,0,0,0,0,0,"735466,108099999950000","5694269,903400000200000",12.381665207000026,51.35083481300006,0,0,0,Mitte
161269,14170620144200330280,14,7,13,000,2017,06,10,3,2,5,3,0,1,0,1,0,0,0,"735267,521799999990000","5691395,586699999900000",12.376920091000045,51.325116198000046,4,4,4,Süd
161300,14170619148410319570,14,7,13,000,2017,06,11,2,3,0,3,1,1,0,0,0,0,0,"737690,132800000020000","5693644,186900000100000",12.413127389000067,51.34429277000004,2,2,2,Ost
161301,14170619148110370110,14,7,13,000,2017,06,19,2,3,3,2,1,1,0,0,0,0,0,"737504,569400000040000","5697072,978299999600000",12.412756872000045,51.375147120000065,1,1,1,Nordost
161328,14170618148410373870,14,7,13,000,2017,06,13,1,3,8,1,0,1,0,0,0,0,0,"736836,627600000010000","5692266,535600000100000",12.399978648000058,51.33228296600004,3,3,3,Südost
161329,14170618148221357770,14,7,13,000,2017,06,05,1,3,0,1,1,0,0,0,0,1,0,"732584,159600000010000","5691554,895300000000000",12.338578908000045,51.32764957400008,5,5,5,Südwest
161330,14170618144200359370,14,7,13,000,2017,06,13,1,3,5,3,1,0,0,0,0,0,0,"736651,452000000050000","5692726,142000000000000",12.397630605000074,51.33648554100006,3,3,3,Südost
161341,14170617144200319050,14,7,13,000,2017,06,19,7,3,3,2,0,1,0,1,0,0,0,"738225,514199999980000","5690687,256799999600000",12.418823833000033,51.31752741500003,3,3,3,Südost
161355,14170616148415309750,14,7,13,000,2017,06,17,6,3,5,3,0,1,0,0,0,0,0,"734559,466800000050000","5691755,701399999700000",12.367012847000069,51.32864110500003,0,0,0,Mitte
161356,14170616148410350630,14,7,13,000,2017,06,07,6,3,5,3,1,1,0,0,0,0,0,"736376,527099999950000","5693005,456299999700000",12.393876265000074,51.33910705300008,0,0,0,Mitte
161357,14170616148410344810,14,7,13,000,2017,06,12,6,3,5,3,1,1,0,0,0,0,1,"734175,404899999960000","5693121,907800000200000",12.362407985000061,51.34106307300004,0,0,0,Mitte
161358,14170616148210366990,14,7,13,000,2017,06,06,6,3,5,3,1,0,0,0,0,0,0,"734829,542699999990000","5689594,564700000000000",12.369459323000058,51.30913036800007,4,4,4,Süd
161359,14170616144200449530,14,7,13,000,2017,06,11,6,3,5,3,1,1,0,0,0,0,0,"739939,662800000050000","5698065,627500000400000",12.448349784000072,51.383033245000036,1,1,1,Nordost
161360,14170616144200388610,14,7,13,000,2017,06,11,6,3,2,6,0,1,0,0,0,0,0,"739946,069499999980000","5698067,762699999800000",12.448443122000072,51.38304970300004,1,1,1,Nordost
161361,14170616144200316540,14,7,13,000,2017,06,13,6,3,9,1,0,1,0,0,0,0,0,"739117,356499999990000","5691349,100200000200000",12.432042077000062,51.32309401400005,3,3,3,Südost
161363,14170616144100336300,14,7,13,000,2017,06,12,6,3,5,3,0,1,0,1,0,0,0,"739333,932000000030000","5695955,063099999900000",12.43824027100004,51.36434507600006,1,1,1,Nordost
161381,14170615144320990360,14,7,13,000,2017,06,17,5,3,5,3,1,1,0,0,0,0,0,"733775,276199999960000","5693331,856399999900000",12.356811152000034,51.34311232700003,0,0,0,Mitte
161382,14170615144200319070,14,7,13,000,2017,06,07,5,2,5,3,1,1,0,0,0,0,0,"732961,428300000030000","5692858,125199999700000",12.34483653600006,51.33919385300004,7,7,7,Alt-West
161384,14170615143215333770,14,7,13,000,2017,06,12,5,3,2,6,1,0,0,0,1,0,0,"733081,563700000060000","5691580,981499999800000",12.34572279300005,51.32768016600005,5,5,5,Südwest
161410,14170614148410318720,14,7,13,000,2017,06,08,4,3,2,6,0,1,0,0,1,0,0,"735830,782299999960000","5693452,016900000200000",12.386350916000026,51.34334208400003,0,0,0,Mitte
161411,14170614148410306920,14,7,13,000,2017,06,10,4,3,5,3,1,1,0,0,0,0,0,"736539,764300000040000","5690723,571200000100000",12.394701113000053,51.31855654200007,0,0,0,Mitte
161412,14170614148310309660,14,7,13,000,2017,06,16,4,3,4,2,0,1,0,0,0,0,0,"734645,269300000040000","5691485,710199999600000",12.368064481000033,51.32618215900004,0,0,0,Mitte
161413,14170614148110317310,14,7,13,000,2017,06,07,4,2,5,3,1,1,0,0,0,0,0,"735106,465800000010000","5694797,303799999900000",12.376858219000042,51.35571779700007,0,0,0,Mitte
161414,14170614144200436210,14,7,13,000,2017,06,07,4,2,4,2,1,1,0,0,0,0,0,"736850,373400000040000","5693047,198499999900000",12.400694618000045,51.33928457700006,3,3,3,Südost
161416,14170614144200314330,14,7,13,000,2017,06,18,4,3,5,2,1,1,0,0,0,0,0,"734296,026100000020000","5690915,245299999600000",12.362685852000027,51.32120531500004,4,4,4,Süd
161417,14170614144200314310,14,7,13,000,2017,06,19,4,2,5,3,1,1,0,0,0,0,0,"734604,467900000050000","5692453,946499999600000",12.368117336000068,51.334890304000055,0,0,0,Mitte
161418,14170614144200306760,14,7,13,000,2017,06,11,4,2,5,3,0,1,0,1,0,0,0,"743738,976400000040000","5694415,792100000200000",12.500342524000075,51.348657296000056,2,2,2,Ost
161426,14170626144200525660,14,7,13,000,2017,06,11,2,3,8,1,0,1,0,0,0,0,1,"730851,855899999970000","5698492,565600000300000",12.318259569000077,51.39063377200006,8,8,8,Nordwest
161442,14170718148415409100,14,7,13,000,2017,07,13,3,3,3,2,1,1,0,0,0,0,0,"731781,753000000030000","5691740,730600000400000",12.327202678000049,51.329645276000065,5,5,5,Südwest
161443,14170718148310409080,14,7,13,000,2017,07,13,3,3,3,2,1,1,0,0,0,0,0,"730302,792099999960000","5693550,385599999700000",12.307180476000042,51.34649123400004,7,7,7,Alt-West
161444,14170718148210424940,14,7,13,000,2017,07,07,3,3,3,2,1,1,0,0,0,0,0,"734732,279100000040000","5690883,140200000300000",12.36891434100005,51.32073733100003,4,4,4,Süd
161445,14170718148210412050,14,7,13,000,2017,07,07,3,3,2,6,0,1,0,0,1,0,0,"743211,628499999990000","5694192,001100000000000",12.492631509000034,51.346874573000036,2,2,2,Ost
161446,14170718148110411980,14,7,13,000,2017,07,07,3,3,5,3,0,1,0,1,0,0,0,"736684,630099999950000","5697154,867999999800000",12.401051841000026,51.376224465000064,1,1,1,Nordost
161448,14170718144200408731,14,7,13,000,2017,07,12,3,2,4,2,1,1,0,0,0,0,0,"734794,233699999980000","5692475,175200000400000",12.370850655000027,51.33500255300004,0,0,0,Mitte
161462,14170717144200406870,14,7,13,000,2017,07,10,2,3,5,3,0,1,0,0,0,0,0,"727586,613600000040000","5693244,984299999700000",12.268049086000076,51.34484341800004,7,7,7,Alt-West
161476,14170716148410412560,14,7,13,000,2017,07,19,1,2,0,6,1,1,0,0,0,0,0,"737775,738099999960000","5695326,227099999800000",12.415477979000059,51.35935492400006,1,1,1,Nordost
161483,14170715149210409330,14,7,13,000,2017,07,23,7,3,1,1,1,1,0,0,0,2,0,"737581,146900000050000","5692698,182699999800000",12.410934347000023,51.33584696300005,2,2,2,Ost
161484,14170715148410400150,14,7,13,000,2017,07,17,7,3,1,1,1,0,0,0,1,0,0,"735478,093800000030000","5693386,184999999600000",12.381252520000032,51.34289733400004,0,0,0,Mitte
161485,14170715148310397000,14,7,13,000,2017,07,11,7,3,1,6,0,1,0,0,0,0,0,"729941,276599999980000","5694339,417999999600000",12.302508035000074,51.35372072500007,7,7,7,Alt-West
161486,14170715144200400501,14,7,13,000,2017,07,09,7,2,6,7,0,1,1,0,0,0,0,"740813,820199999960000","5690340,495600000000000",12.45566290100004,51.31332569700004,3,3,3,Südost
161492,14170714148410409810,14,7,13,000,2017,07,14,6,3,5,3,1,1,0,0,0,0,0,"735762,447000000040000","5693470,978000000100000",12.385384066000029,51.34354062300008,0,0,0,Mitte
161493,14170714144200477860,14,7,13,000,2017,07,15,6,2,6,4,0,1,1,0,0,0,0,"730301,727199999960000","5694029,962600000200000",12.307475472000021,51.350796814000034,7,7,7,Alt-West
161494,14170714144200393970,14,7,13,000,2017,07,19,6,3,5,3,1,1,0,0,0,0,0,"734799,111999999960000","5696052,661000000300000",12.373280488000034,51.36711338600003,9,9,9,Nord