OBJECTID,UIDENTSTLA,ULAND,UREGBEZ,UKREIS,UGEMEINDE,UJAHR,UMONAT,USTUNDE,UWOCHENTAG,UKATEGORIE,UART,UTYP1,IstRad,IstPKW,IstFuss,IstKrad,IstSonstig,LICHT,STRZUSTAND,LINREFX,LINREFY,XGCSWGS84,YGCSWGS84,index_right,FID,SBZ,Name
162467,14170818144200499580,14,7,13,000,2017,08,17,6,2,4,2,1,1,0,0,0,0,0,"735587,623299999980000","5692244,724499999500000",12.38206739800006,51.332605873000034,0,0,0,Mitte
162468,14170818144200499570,14,7,13,000,2017,08,19,6,3,4,6,1,1,0,0,0,2,1,"735184,824400000040000","5693384,033800000300000",12.377047875000073,51.34299940500006,0,0,0,Mitte
162487,14170817144200505990,14,7,13,000,2017,08,14,5,3,3,1,1,1,0,0,0,0,0,"736072,425000000050000","5688100,095999999900000",12.386271111000042,51.29520149700005,4,4,4,Süd
162488,14170817144200505480,14,7,13,000,2017,08,11,5,3,3,2,1,0,0,0,1,0,0,"734725,870299999950000","5690900,425200000400000",12.368833911000024,51.32089513200003,4,4,4,Süd
162504,14170816148410535320,14,7,13,000,2017,08,17,4,3,1,5,1,1,0,0,0,0,0,"733920,113900000000000","5696779,249900000200000",12.361153639000065,51.373998192000045,9,9,9,Nord
162505,14170816148410489620,14,7,13,000,2017,08,10,4,3,6,4,0,0,1,1,0,0,1,"738031,033999999990000","5693727,676900000300000",12.418069049000053,51.34489955600003,2,2,2,Ost
162506,14170816148110493570,14,7,13,000,2017,08,14,4,3,5,3,1,1,0,0,0,0,0,"733746,153799999970000","5695561,754700000400000",12.35785831100003,51.36314100000004,9,9,9,Nord
162507,14170816144200496310,14,7,13,000,2017,08,18,4,3,5,2,0,1,0,0,0,0,0,"735705,957199999950000","5690898,759800000100000",12.382872955000039,51.32047505600008,4,4,4,Süd
162508,14170816144200488600,14,7,13,000,2017,08,09,4,2,5,3,0,1,0,1,0,0,1,"737991,253700000000000","5697542,087899999700000",12.420050910000043,51.379154063000044,1,1,1,Nordost
162529,14170913148410646690,14,7,13,000,2017,09,13,4,3,5,3,1,1,0,0,0,0,0,"737738,486500000000000","5693819,568900000300000",12.413937503000056,51.345846781000034,2,2,2,Ost
162530,14170913144200586050,14,7,13,000,2017,09,15,4,2,5,3,1,1,0,0,0,0,0,"732057,422999999950000","5692939,069000000100000",12.331933266000021,51.34029009400007,7,7,7,Alt-West
162531,14170913144200575330,14,7,29,260,2017,09,07,4,3,1,6,0,1,0,0,0,0,0,"734778,049899999980000","5687157,200899999600000",12.367119032000062,51.28727262800004,4,4,4,Süd
162543,14170912148110606340,14,7,13,000,2017,09,09,3,3,5,3,0,1,0,0,0,0,0,"738086,196000000000000","5697557,152999999900000",12.421422758000062,51.37924948700004,1,1,1,Nordost
162544,14170912148110580620,14,7,13,000,2017,09,17,3,2,5,3,1,1,0,0,0,0,0,"731475,594700000020000","5696646,538099999500000",12.326006285000062,51.37380843900007,8,8,8,Nordwest
162545,14170912148110572980,14,7,13,000,2017,09,06,3,3,5,3,1,1,0,0,0,1,0,"738825,189699999990000","5695760,646499999800000",12.430815290000055,51.36281410700008,1,1,1,Nordost
162546,14170912143219603330,14,7,13,000,2017,09,15,3,3,6,2,0,1,1,0,0,0,0,"738327,842300000020000","5690884,590900000200000",12.420421437000073,51.31925583700007,3,3,3,Südost
162567,14170911148410569200,14,7,13,000,2017,09,06,2,3,6,3,0,1,1,0,0,0,0,"736552,241900000020000","5690528,112800000200000",12.394750198000054,51.31679687900004,0,0,0,Mitte
162568,14170911148310569100,14,7,13,000,2017,09,17,2,3,0,7,1,0,0,0,0,0,0,"732436,179699999980000","5691674,699599999900000",12.336536763000026,51.32878550600003,5,5,5,Südwest
162570,14170911148110568900,14,7,13,000,2017,09,07,2,3,5,3,0,1,0,1,0,0,0,"735750,759199999970000","5696567,392099999800000",12.387268160000076,51.371339601000045,9,9,9,Nord
162584,14170910149310600440,14,7,13,000,2017,09,13,1,3,5,3,0,1,0,0,0,0,0,"734017,885800000050000","5700446,076100000200000",12.364972192000039,51.40687277400008,9,9,9,Nord
162585,14170910144200667320,14,7,13,000,2017,09,14,1,2,6,1,0,1,1,0,0,0,0,"734483,171300000050000","5699264,349600000300000",12.370869409000022,51.39607311100008,9,9,9,Nord
162594,14170909144200607040,14,7,13,000,2017,09,06,7,3,5,3,0,1,0,0,0,1,0,"737856,966000000010000","5690945,605000000400000",12.413717124000073,51.320000511000046,3,3,3,Südost
162603,14170908148310564770,14,7,13,000,2017,09,16,6,3,5,3,0,1,0,0,0,0,0,"729600,300799999970000","5688605,108400000300000",12.293925375000072,51.30238107000008,5,5,5,Südwest
162604,14170908148110564240,14,7,13,000,2017,09,22,6,2,4,2,0,1,0,1,0,2,1,"735629,988000000010000","5695932,485000000300000",12.385115446000043,51.365690646000076,9,9,9,Nord
162605,14170908144200706581,14,7,13,000,2017,09,10,6,3,4,7,0,1,0,0,0,0,0,"729877,326499999970000","5693723,732499999900000",12.301193560000058,51.34821957300005,7,7,7,Alt-West
162606,14170908144200580410,14,7,13,000,2017,09,16,6,2,3,2,1,1,0,0,0,0,0,"734757,923199999960000","5693802,669200000400000",12.371205362000069,51.34693366000005,0,0,0,Mitte
162607,14170908144200571210,14,7,13,000,2017,09,12,6,1,8,1,0,0,0,1,0,0,0,"735422,230899999970000","5692636,217500000300000",12.37995617100006,51.336188521000054,0,0,0,Mitte
162621,14170907148410581330,14,7,13,000,2017,09,07,5,3,4,6,1,0,0,0,0,0,0,"735603,596800000060000","5693366,781399999700000",12.383038421000037,51.34267117100006,0,0,0,Mitte
162622,14170907148410569260,14,7,13,000,2017,09,15,5,3,0,5,1,1,0,0,0,0,0,"734577,530999999960000","5694861,117999999800000",12.369317264000074,51.35650918300007,9,9,9,Nord
162623,14170907148410564850,14,7,13,000,2017,09,09,5,3,0,7,1,0,0,0,0,0,0,"737632,300200000060000","5693524,662899999900000",12.412218757000062,51.343244095000045,2,2,2,Ost
162624,14170907148410555860,14,7,13,000,2017,09,08,5,3,5,3,1,1,0,0,0,0,1,"734826,399500000060000","5694105,924100000400000",12.37238691400006,51.34962750900007,0,0,0,Mitte
162625,14170907148210564540,14,7,13,000,2017,09,16,5,3,5,3,1,1,0,0,0,0,0,"735016,237399999980000","5687714,289300000300000",12.370895244000053,51.29217511500008,4,4,4,Süd
162626,14170907148110555600,14,7,13,000,2017,09,07,5,3,0,3,0,1,0,0,1,0,0,"738715,755400000020000","5695296,373700000300000",12.428934709000032,51.358692862000055,1,1,1,Nordost
162627,14170907148110555520,14,7,13,000,2017,09,17,5,3,2,6,0,1,0,0,0,1,0,"733953,630600000030000","5695081,399799999800000",12.360517385000037,51.35874371800003,9,9,9,Nord
162628,14170907144200742710,14,7,13,000,2017,09,08,5,2,5,3,1,1,0,0,0,0,1,"736522,671199999980000","5693232,970800000200000",12.396121723000022,51.341088495000065,2,2,2,Ost
162629,14170907144200580580,14,7,13,000,2017,09,17,5,3,0,7,1,0,0,0,0,0,0,"734745,646399999970000","5694650,862200000300000",12.371588773000042,51.35455243300004,0,0,0,Mitte
162630,14170907144200564170,14,7,13,000,2017,09,05,5,3,6,2,0,1,1,0,0,2,0,"734835,611000000030000","5692208,229700000000000",12.371267643000067,51.33258925900003,0,0,0,Mitte
162632,14170907144200557750,14,7,13,000,2017,09,09,5,3,3,2,0,1,0,0,1,0,0,"728909,482100000020000","5689666,227099999800000",12.284712875000025,51.31218513300007,6,6,6,West
162646,14170906148410596830,14,7,13,000,2017,09,13,4,3,0,7,1,0,0,0,0,0,1,"734174,217399999960000","5692179,514800000000000",12.36177146600005,51.33260418300006,0,0,0,Mitte
162647,14170906148410582350,14,7,13,000,2017,09,17,4,3,3,2,1,1,0,0,0,0,0,"733733,331099999950000","5693753,440000000400000",12.35648671100006,51.34691392800005,0,0,0,Mitte
162648,14170906148210581640,14,7,13,000,2017,09,09,4,3,5,3,0,1,0,1,0,0,0,"735170,354799999970000","5690672,088700000200000",12.375050783000063,51.31866197100004,4,4,4,Süd
162649,14170906148110571330,14,7,13,000,2017,09,16,4,3,4,6,1,0,0,0,0,0,1,"736609,423300000020000","5695149,099899999800000",12.398638635000054,51.35825183700007,1,1,1,Nordost
162650,14170906144200564280,14,7,13,000,2017,09,15,4,3,2,2,0,1,0,0,0,0,1,"729294,148799999970000","5691003,878999999700000",12.291082943000049,51.32403862900003,6,6,6,West
162651,14170906144200560890,14,7,13,000,2017,09,09,4,3,6,4,0,0,1,0,1,0,0,"737120,390699999990000","5692943,868099999600000",12.404495392000058,51.338244547000045,3,3,3,Südost
162652,14170906144200557730,14,7,13,000,2017,09,11,4,3,4,2,1,1,0,0,0,0,0,"737573,925900000030000","5693390,523000000000000",12.411292653000032,51.34206444600005,2,2,2,Ost
162671,14170905148410558550,14,7,13,000,2017,09,08,3,3,3,5,1,1,0,0,0,0,0,"737342,712799999980000","5693752,256400000300000",12.408220107000034,51.345407941000076,2,2,2,Ost
162672,14170905148210558170,14,7,13,000,2017,09,15,3,3,5,3,1,0,0,0,0,0,0,"737806,250400000020000","5691305,664500000000000",12.413230792000036,51.323253615000056,3,3,3,Südost
162673,14170905148110554860,14,7,13,000,2017,09,09,3,3,2,5,1,0,0,0,1,0,0,"730948,229999999980000","5696832,160000000100000",12.318563004000055,51.37568942400003,8,8,8,Nordwest
162674,14170905144200672770,14,7,13,000,2017,09,05,3,3,2,2,0,1,0,1,0,2,0,"741231,346099999970000","5692651,400000000400000",12.46320630300005,51.33389058200004,2,2,2,Ost
162675,14170905144200564010,14,7,13,000,2017,09,16,3,3,3,5,1,1,0,0,0,0,0,"734264,312000000030000","5698336,476300000200000",12.367116857000042,51.38783457800008,9,9,9,Nord
162676,14170905144200561130,14,7,13,000,2017,09,11,3,3,1,5,1,1,0,0,0,0,0,"735698,435599999970000","5692650,614299999500000",12.383923745000061,51.33620335000006,0,0,0,Mitte
162678,14170905144200554580,14,7,13,000,2017,09,17,3,3,5,3,0,1,0,1,0,0,0,"736571,649300000050000","5697169,639899999800000",12.39944125900007,51.37640413300005,1,1,1,Nordost
162692,14170904148410581350,14,7,13,000,2017,09,14,2,3,2,6,0,1,0,0,1,0,0,"735170,259700000050000","5693583,961799999700000",12.376971167000022,51.34480005000006,0,0,0,Mitte
162693,14170904144320672650,14,7,13,000,2017,09,17,2,3,0,7,0,0,1,0,1,0,0,"734322,067300000000000","5695506,695600000200000",12.366079957000068,51.36240954600004,9,9,9,Nord
162713,14170903148410565150,14,7,13,000,2017,09,19,1,3,5,3,1,1,0,0,0,2,0,"736343,241200000050000","5692762,809999999600000",12.39323825300005,51.336942847000046,0,0,0,Mitte
162714,14170903148110547230,14,7,13,000,2017,09,14,1,3,3,6,1,1,0,0,0,0,0,"732036,452500000010000","5698786,560600000400000",12.335448127000063,51.39278984900005,8,8,8,Nordwest
162715,14170903144200561100,14,7,13,000,2017,09,19,1,3,5,3,0,1,0,0,0,0,0,"734957,378299999980000","5699311,637000000100000",12.377705070000047,51.39630144500006,9,9,9,Nord
162719,14170902144200549070,14,7,13,000,2017,09,11,7,3,6,4,0,0,1,0,1,0,0,"735586,878900000010000","5693107,865700000000000",12.382627542000023,51.34035399600003,0,0,0,Mitte
162729,14170901148410582340,14,7,13,000,2017,09,05,6,3,2,6,0,1,0,0,0,2,0,"734565,925000000050000","5694879,434500000400000",12.369162947000063,51.35667839000007,9,9,9,Nord
162730,14170901148410558510,14,7,13,000,2017,09,14,6,3,5,3,1,1,0,0,0,0,0,"736080,870400000010000","5692626,888700000000000",12.389388336000025,51.335831761000065,0,0,0,Mitte
162731,14170901148310547930,14,7,13,000,2017,09,05,6,3,5,3,1,1,0,0,0,1,0,"734643,555000000050000","5693490,314299999700000",12.369360198000038,51.34417705200008,0,0,0,Mitte
162732,14170901148310545650,14,7,13,000,2017,09,11,6,3,5,3,1,1,0,0,0,0,0,"727245,204900000010000","5693205,882100000000000",12.263130186000069,51.344628949000025,7,7,7,Alt-West
162733,14170901148221564570,14,7,13,000,2017,09,09,6,3,6,7,0,1,1,0,0,0,0,"735159,430900000040000","5691048,037300000000000",12.375142241000049,51.32204114800004,4,4,4,Süd
162734,14170901144200646680,14,7,13,000,2017,09,14,6,3,5,3,1,1,0,0,0,0,0,"735118,146700000040000","5693980,083700000300000",12.376485829000046,51.34837732900007,0,0,0,Mitte
162736,14170901144200541470,14,7,13,000,2017,09,09,6,3,2,2,0,1,0,0,0,0,0,"734006,142100000060000","5695596,249699999600000",12.361608943000022,51.36334362400004,9,9,9,Nord
162737,14170901144000554360,14,7,13,000,2017,09,08,6,3,6,2,0,1,1,0,0,0,0,"739035,404899999960000","5688231,282399999900000",12.428779355000074,51.295143229000075,3,3,3,Südost
162751,14170831148415548190,14,7,13,000,2017,08,08,5,3,3,2,0,1,0,0,1,0,0,"735499,209999999960000","5692033,406100000300000",12.38066086200007,51.33074562300004,0,0,0,Mitte
162752,14170831148410555190,14,7,13,000,2017,08,08,5,2,5,3,1,1,0,0,0,0,0,"737037,619700000040000","5691091,693799999500000",12.402077294000037,51.32165371200006,0,0,0,Mitte
162753,14170831148410537320,14,7,13,000,2017,08,07,5,3,2,6,0,1,0,0,1,0,0,"734307,767899999980000","5691813,191300000100000",12.36344428700005,51.32926088800008,0,0,0,Mitte
162754,14170831148110554840,14,7,13,000,2017,08,17,5,3,3,6,1,0,0,1,0,0,1,"737802,126599999960000","5691334,744500000000000",12.413191113000039,51.32351636100003,3,3,3,Südost
162755,14170831144200550810,14,7,13,000,2017,08,01,5,2,6,4,0,1,1,0,0,2,0,"737565,766999999990000","5691527,349000000400000",12.40993343100007,51.32534392700006,3,3,3,Südost
162756,14170831144200541360,14,7,13,000,2017,08,11,5,3,5,3,0,1,0,0,0,0,1,"731754,013400000050000","5690854,623200000300000",12.326229084000033,51.32170214200005,5,5,5,Südwest
162757,14170831144200541330,14,7,13,000,2017,08,07,5,3,1,5,1,1,0,0,0,0,0,"736306,974000000050000","5692785,628999999700000",12.392733673000066,51.33716274600005,0,0,0,Mitte
162758,14170831144000547560,14,7,13,000,2017,08,09,5,3,5,3,1,1,0,0,0,0,0,"734409,969599999950000","5692648,718700000100000",12.365458338000053,51.33671886500008,0,0,0,Mitte
162777,14170830149310539990,14,7,13,000,2017,08,14,4,3,5,3,1,1,0,0,0,0,0,"732056,349200000060000","5692940,666100000000000",12.331918917000053,51.34030486900008,7,7,7,Alt-West
162778,14170830148410527730,14,7,13,000,2017,08,08,4,3,1,3,1,1,0,0,0,0,0,"734085,948600000000000","5693427,630699999600000",12.361326862000055,51.343844224000065,0,0,0,Mitte
162779,14170830148123646140,14,7,13,000,2017,08,18,4,3,0,3,1,0,0,0,1,0,0,"731878,971999999950000","5698740,963999999700000",12.333158737000076,51.39244490300007,8,8,8,Nordwest
162780,14170830144200626470,14,7,13,000,2017,08,08,4,3,5,3,1,1,0,0,0,0,0,"740465,685999999990000","5694022,293600000400000",12.453161218000048,51.346519441000055,2,2,2,Ost
162781,14170830144200539700,14,7,13,000,2017,08,13,4,2,4,2,0,1,0,0,1,0,0,"736748,643900000020000","5688798,396300000100000",12.396415726000043,51.30118891800004,4,4,4,Süd
162783,14170830144200536700,14,7,13,000,2017,08,19,4,3,5,6,1,1,0,0,0,0,0,"734532,490699999970000","5693156,215800000400000",12.367548295000063,51.341223866000064,0,0,0,Mitte
162808,14170928148223646820,14,7,13,000,2017,09,13,5,3,1,5,1,1,0,0,0,0,0,"735154,975600000010000","5692792,935399999800000",12.376229796000075,51.33770584500007,0,0,0,Mitte
162819,14170928148210653500,14,7,13,000,2017,09,07,5,3,5,3,0,1,0,0,0,1,0,"739101,665900000020000","5693230,088100000300000",12.433079418000034,51.33998405500006,2,2,2,Ost
162820,14170928144200708261,14,7,13,000,2017,09,06,5,2,6,4,0,1,1,0,0,1,1,"738703,744799999990000","5697397,521200000300000",12.430172976000051,51.377557412000044,1,1,1,Nordost
162821,14170928144200646810,14,7,13,000,2017,09,18,5,3,3,7,0,1,0,0,1,0,0,"737256,117300000040000","5692933,999599999700000",12.406433840000034,51.33809935800008,3,3,3,Südost
162834,14170927144200646790,14,7,13,000,2017,09,09,4,3,5,3,0,1,0,0,1,0,0,"736363,714000000040000","5693572,622299999900000",12.394069066000043,51.344203366000045,0,0,0,Mitte
162835,14170927144200646260,14,7,13,000,2017,09,19,4,3,6,4,0,1,1,0,0,1,0,"734024,040900000020000","5695758,027300000200000",12.361972039000023,51.36478844000004,9,9,9,Nord
162837,14170927144200628910,14,7,13,000,2017,09,07,4,2,4,6,0,1,0,1,0,0,0,"736542,189800000050000","5696808,000400000300000",12.398778081000046,51.37317029600007,1,1,1,Nordost
162838,14170927144200621600,14,7,13,000,2017,09,14,4,2,6,2,0,1,1,0,1,0,0,"734964,575300000030000","5695237,491399999700000",12.375114720000056,51.35972774900006,0,0,0,Mitte
162849,14170926148410646760,14,7,13,000,2017,09,19,3,3,5,2,1,1,0,0,0,1,0,"734786,742699999940000","5692624,904299999600000",12.370841987000063,51.336349675000065,0,0,0,Mitte
162850,14170926144200744920,14,7,13,000,2017,09,17,3,2,5,2,1,0,0,0,1,0,0,"736258,078400000000000","5696280,916400000500000",12.394353245000048,51.368557371000065,9,9,9,Nord
162851,14170926144200622840,14,7,13,000,2017,09,09,3,3,2,6,1,1,0,1,0,0,0,"735039,679600000030000","5692544,625000000000000",12.374413688000061,51.33552458100007,0,0,0,Mitte
162863,14170925148210656920,14,7,13,000,2017,09,07,2,3,5,3,1,1,0,0,0,0,1,"743197,163799999980000","5694048,628899999900000",12.49232627400005,51.34559396000003,2,2,2,Ost
162864,14170925144200653190,14,7,13,000,2017,09,17,2,3,4,2,0,1,0,0,0,0,0,"734643,461099999960000","5691483,234000000200000",12.368036945000028,51.326160677000075,0,0,0,Mitte
162865,14170925144200621620,14,7,13,000,2017,09,09,2,3,9,1,0,1,0,0,0,0,1,"738036,202999999980000","5693616,853000000100000",12.418069048000064,51.34390264100006,2,2,2,Ost
162866,14170925144200620290,14,7,13,000,2017,09,18,2,3,2,2,0,1,0,0,0,0,0,"734556,797799999940000","5691371,521400000000000",12.366721789000053,51.32519362900007,4,4,4,Süd
162880,14170924662221622360,14,7,13,000,2017,09,13,1,3,6,7,0,1,1,0,0,0,1,"733899,300399999950000","5695654,307699999800000",12.36011512600004,51.36390877400004,9,9,9,Nord
162882,14170924148410646750,14,7,13,000,2017,09,00,1,3,0,7,1,0,0,0,0,2,1,"734094,082399999960000","5692100,875000000000000",12.360571520000065,51.331931259000044,0,0,0,Mitte
162883,14170924148410646740,14,7,13,000,2017,09,02,1,3,0,1,1,0,0,0,0,2,1,"737558,013200000040000","5693381,784599999900000",12.411058771000057,51.34199265900003,2,2,2,Ost
162884,14170924148410646730,14,7,13,000,2017,09,20,1,3,5,3,0,1,0,0,0,2,0,"737280,496200000050000","5693756,770499999600000",12.407331386000067,51.345474429000035,2,2,2,Ost
162885,14170924148410621200,14,7,13,000,2017,09,10,1,3,2,2,0,1,0,0,0,0,0,"734204,761799999980000","5692889,443000000000000",12.362675864000039,51.33896426700005,0,0,0,Mitte
162892,14170923148410707481,14,7,13,000,2017,09,23,7,3,4,1,0,1,0,0,0,2,1,"733470,309000000010000","5694423,347000000100000",12.353155962000073,51.35303546100005,0,0,0,Mitte
162894,14170923148210609630,14,7,13,000,2017,09,01,7,3,6,7,0,1,1,0,0,2,0,"735597,619100000010000","5691960,816999999800000",12.382022922000033,51.33005329100007,0,0,0,Mitte
162895,14170923144200611490,14,7,13,000,2017,09,09,7,3,5,3,1,1,0,0,0,0,0,"735114,278599999960000","5688743,430499999800000",12.372976536000067,51.30137269200003,4,4,4,Süd
162908,14170922148220609620,14,7,13,000,2017,09,18,6,3,9,1,1,1,0,0,0,0,0,"735200,554699999980000","5691048,991299999900000",12.375732003000053,51.322032714000045,4,4,4,Süd
162909,14170922144200646200,14,7,13,000,2017,09,07,6,3,6,7,0,1,1,0,0,0,0,"735649,963100000050000","5695166,526800000100000",12.384894447000022,51.35880694000008,9,9,9,Nord
162910,14170922144200611500,14,7,13,000,2017,09,18,6,3,5,2,1,1,0,0,0,1,0,"734278,451299999960000","5695522,298800000000000",12.36546484300004,51.36256759300005,9,9,9,Nord
162911,14170922144200609560,14,7,13,000,2017,09,21,6,3,5,3,1,1,0,0,0,2,0,"736755,314499999980000","5688652,716099999800000",12.396414624000045,51.29987848700006,4,4,4,Süd
162933,14170921148310611180,14,7,13,000,2017,09,11,5,3,5,3,1,1,0,0,0,0,0,"732401,750000000000000","5690886,053000000300000",12.335529267000027,51.32172009300007,5,5,5,Südwest
162934,14170921148123610410,14,7,13,000,2017,09,19,5,3,4,2,0,1,0,0,0,1,0,"735996,060999999990000","5699799,656299999900000",12.392933371000026,51.400250982000045,9,9,9,Nord
162935,14170921148110646180,14,7,13,000,2017,09,18,5,3,2,1,1,0,0,0,1,1,0,"730906,554400000020000","5698441,907200000200000",12.319011449000072,51.39015677300006,8,8,8,Nordwest
162936,14170921144200690890,14,7,13,000,2017,09,06,5,3,5,3,0,1,0,0,0,0,0,"735145,708199999990000","5699392,150299999900000",12.380460736000032,51.39694614800004,9,9,9,Nord
162937,14170921144200667280,14,7,13,000,2017,09,14,5,2,4,6,1,1,0,0,0,0,0,"736801,068100000030000","5689276,056800000400000",12.397483297000065,51.30545470200008,4,4,4,Süd
162938,14170921144200610290,14,7,13,000,2017,09,14,5,3,6,4,0,1,1,0,0,0,0,"732927,499399999970000","5691225,705199999700000",12.343283188000044,51.324554068000054,5,5,5,Südwest
162952,14170920148410617010,14,7,13,000,2017,09,07,4,3,5,3,1,1,0,0,0,0,1,"735762,447000000040000","5693470,978000000100000",12.385384066000029,51.34354062300008,0,0,0,Mitte
162953,14170920148410610210,14,7,13,000,2017,09,08,4,3,3,6,1,0,0,0,0,0,1,"736190,726200000030000","5693982,859899999600000",12.391861862000042,51.347957629000064,0,0,0,Mitte
162954,14170920148310646610,14,7,13,000,2017,09,16,4,3,5,2,1,1,0,0,0,0,0,"727586,324900000010000","5693244,972199999700000",12.268044940000038,51.34484342500008,7,7,7,Alt-West
162956,14170920144200610170,14,7,13,000,2017,09,17,4,3,2,2,0,1,0,0,0,0,0,"734892,074000000020000","5698783,990000000200000",12.37641895300004,51.39159217900004,9,9,9,Nord
162957,14170920144200610160,14,7,13,000,2017,09,17,4,3,5,3,1,1,0,0,0,0,0,"732125,830700000050000","5688364,720900000100000",12.329935868000064,51.299199189000035,5,5,5,Südwest
162973,14170919148410607000,14,7,13,000,2017,09,05,3,3,3,6,1,0,0,0,0,2,0,"735441,483000000010000","5691985,683400000400000",12.379802192000056,51.330341145000034,0,0,0,Mitte
162974,14170919148410606580,14,7,13,000,2017,09,13,3,3,2,6,0,1,0,0,0,0,0,"733080,956000000010000","5694129,900000000400000",12.347382070000037,51.350561105000054,0,0,0,Mitte
162975,14170919148310611840,14,7,13,000,2017,09,18,3,3,5,3,0,1,0,0,0,0,0,"732391,586899999990000","5691544,587000000300000",12.33581297400002,51.327635738000026,5,5,5,Südwest
162976,14170919148110615240,14,7,13,000,2017,09,22,3,3,1,5,1,1,0,0,0,2,0,"732779,197900000030000","5695951,423899999800000",12.344248105000077,51.36703589200005,8,8,8,Nordwest
162977,14170919144200609470,14,7,13,000,2017,09,18,3,3,2,6,0,1,1,1,0,0,0,"732804,288900000040000","5690539,953200000300000",12.341070174000038,51.31844870500004,5,5,5,Südwest
162978,14170919144200606290,14,7,13,000,2017,09,13,3,3,6,4,0,0,1,0,1,0,0,"734752,502100000040000","5690886,742100000400000",12.369206418000033,51.32076132100008,4,4,4,Süd
162979,14170919144200603640,14,7,13,000,2017,09,12,3,3,3,6,0,0,0,1,1,0,0,"729368,930700000030000","5690706,877200000000000",12.291963312000064,51.32134225800007,6,6,6,West
162980,14170919144200603560,14,7,13,000,2017,09,16,3,2,5,3,0,1,0,1,0,0,0,"742085,342599999970000","5693951,478500000200000",12.476326026000038,51.34519649500004,2,2,2,Ost
162981,14170919144200596010,14,7,13,000,2017,09,08,3,3,5,3,1,1,0,0,0,0,0,"736923,306100000050000","5691345,418999999800000",12.400608325000064,51.32397879700005,3,3,3,Südost
162982,14170919144200595980,14,7,13,000,2017,09,09,3,3,5,2,1,1,0,0,0,0,0,"742281,946499999960000","5694025,932099999900000",12.479194317000065,51.345780998000066,2,2,2,Ost
162997,14170918148410646710,14,7,13,000,2017,09,06,2,3,6,4,0,0,1,0,1,0,0,"737289,471800000060000","5693754,156200000100000",12.407458288000043,51.34544721700007,2,2,2,Ost
162999,14170918144200703041,14,7,13,000,2017,09,09,2,2,5,3,1,1,0,0,0,0,0,"741880,862700000060000","5694097,704599999800000",12.473494843000026,51.34659596600005,2,2,2,Ost
163000,14170918144200668470,14,7,13,000,2017,09,14,2,3,6,4,1,0,1,0,0,0,0,"735589,770200000030000","5693140,034400000200000",12.382690257000036,51.34064155400006,0,0,0,Mitte
163001,14170918144200603620,14,7,13,000,2017,09,16,2,3,2,6,0,1,0,0,0,0,0,"742276,740600000020000","5694237,175499999900000",12.479263455000023,51.34767920500008,2,2,2,Ost
163002,14170918144200600700,14,7,13,000,2017,09,17,2,3,3,2,1,0,0,0,1,0,0,"735183,126099999990000","5688961,916100000000000",12.374106351000023,51.30330548100005,4,4,4,Süd
163003,14170918144200595970,14,7,13,000,2017,09,09,2,3,6,4,0,1,1,0,0,0,0,"739023,145800000060000","5688547,736499999600000",12.428815686000064,51.29798884300004,3,3,3,Südost
163004,14170918144200595960,14,7,13,000,2017,09,17,2,3,5,3,1,1,0,0,0,0,0,"738858,986999999960000","5697628,774000000200000",12.432554938000067,51.37956780900004,1,1,1,Nordost
163016,14170917148110591720,14,7,13,000,2017,09,19,1,3,8,1,0,1,0,0,0,1,1,"736391,925999999980000","5697182,213999999700000",12.396871946000033,51.37659183800008,9,9,9,Nord
163017,14170917144200599580,14,7,13,000,2017,09,14,1,3,3,6,0,1,0,0,0,0,0,"737162,775999999950000","5691108,676000000000000",12.403881492000039,51.32175399600004,3,3,3,Südost
163018,14170917144200593780,14,7,13,000,2017,09,09,1,2,5,3,0,1,0,0,0,0,0,"728018,415200000050000","5691015,801300000400000",12.272811987000068,51.32465836700004,6,6,6,West
163019,14170917144200589160,14,7,13,000,2017,09,02,1,3,5,3,0,1,0,0,0,2,0,"731173,869100000010000","5691919,668800000100000",12.318608383000026,51.331498949000036,7,7,7,Alt-West
163027,14170916148310601190,14,7,13,000,2017,09,19,7,2,5,3,0,1,0,0,0,1,0,"731605,075900000050000","5692934,917899999800000",12.325447420000046,51.34043725200007,7,7,7,Alt-West
163028,14170916148210616160,14,7,13,000,2017,09,21,7,3,2,2,1,0,0,0,0,1,0,"734725,985400000010000","5690900,422100000100000",12.368835557000068,51.32089505700003,4,4,4,Süd
163030,14170916144000591910,14,7,13,000,2017,09,07,7,3,2,6,0,0,0,0,1,0,0,"740797,302799999950000","5693937,415500000100000",12.457856629000048,51.34561725300006,2,2,2,Ost