OBJECTID,UIDENTSTLA,ULAND,UREGBEZ,UKREIS,UGEMEINDE,UJAHR,UMONAT,USTUNDE,UWOCHENTAG,UKATEGORIE,UART,UTYP1,IstRad,IstPKW,IstFuss,IstKrad,IstSonstig,LICHT,STRZUSTAND,LINREFX,LINREFY,XGCSWGS84,YGCSWGS84,index_right,FID,SBZ,Name
163040,14170915148410579720,14,7,13,000,2017,09,07,6,3,5,3,1,1,0,0,0,0,0,"736034,686200000000000","5692564,198900000200000",12.388684985000054,51.335288211000034,0,0,0,Mitte
163041,14170915148310620880,14,7,13,000,2017,09,13,6,3,1,5,1,1,0,0,0,0,0,"733361,243999999950000","5691751,894999999600000",12.349841956000034,51.32909973400007,5,5,5,Südwest
163042,14170915148310608000,14,7,13,000,2017,09,10,6,3,2,6,1,1,0,0,0,0,0,"733238,760299999970000","5691709,696700000200000",12.348059340000077,51.32877116800006,5,5,5,Südwest
163043,14170915148110596310,14,7,13,000,2017,09,14,6,2,9,1,0,1,0,0,0,0,0,"741309,452999999980000","5693988,224000000400000",12.465231130000063,51.34585614300005,2,2,2,Ost
163044,14170915144320604340,14,7,13,000,2017,09,08,6,3,0,7,1,1,0,0,0,0,0,"741937,871999999970000","5687128,288999999900000",12.469584525000073,51.28401777700003,3,3,3,Südost
163045,14170915144320600200,14,7,13,000,2017,09,11,6,2,5,3,1,1,0,0,0,0,0,"735908,529300000050000","5688684,945700000000000",12.384311001000071,51.300519218000034,4,4,4,Süd
163046,14170915144200631100,14,7,13,000,2017,09,15,6,2,3,2,0,0,0,1,0,0,0,"738327,386700000030000","5690884,482099999700000",12.420414838000056,51.31925505100003,3,3,3,Südost
163047,14170915144100747210,14,7,13,000,2017,09,17,6,3,3,2,1,1,0,0,0,0,0,"734919,729500000020000","5690895,995799999700000",12.371608131000073,51.32077537200007,4,4,4,Süd
163048,14170915143219707631,14,7,13,000,2017,09,20,6,2,0,4,1,0,1,0,0,1,0,"735027,768700000020000","5693171,341500000100000",12.374656525000034,51.34115514300004,0,0,0,Mitte
163063,14170914148410623420,14,7,13,000,2017,09,15,5,3,2,6,0,1,0,0,0,0,1,"734177,408900000040000","5693452,686800000300000",12.362654225000028,51.344031477000044,0,0,0,Mitte
163064,14170914148410621190,14,7,13,000,2017,09,08,5,3,5,3,1,1,0,0,0,0,1,"734571,290999999970000","5694870,888500000400000",12.36923424400004,51.356599463000066,9,9,9,Nord
163065,14170914148410582300,14,7,13,000,2017,09,11,5,3,4,2,0,1,0,0,0,0,0,"736168,960800000000000","5691060,883100000200000",12.389612940000063,51.321738346000075,0,0,0,Mitte
163066,14170914148210582730,14,7,13,000,2017,09,18,5,3,6,4,1,0,1,0,0,0,1,"734638,424000000000000","5691910,351099999600000",12.368245965000028,51.32999674800004,0,0,0,Mitte
163067,14170914148121582670,14,7,13,000,2017,09,22,5,2,5,3,1,1,0,0,0,2,1,"735168,347799999990000","5693588,812500000000000",12.376946968000027,51.344844383000066,0,0,0,Mitte
163068,14170914148110646150,14,7,13,000,2017,09,14,5,3,2,6,0,1,0,0,0,0,1,"734772,153000000050000","5698940,411999999500000",12.374801799000068,51.39304588200008,9,9,9,Nord
163069,14170914144200901140,14,7,13,000,2017,09,14,5,3,1,6,0,1,0,0,0,0,0,"732605,675999999980000","5692319,294999999900000",12.33938616200004,51.33450256900005,7,7,7,Alt-West
163070,14170914144200603600,14,7,13,000,2017,09,16,5,3,2,6,0,1,0,0,0,0,1,"733389,558700000050000","5692146,586000000100000",12.350506161000055,51.33263110300004,5,5,5,Südwest
163071,14170914144200595990,14,7,13,000,2017,09,11,5,2,1,5,1,1,0,0,0,0,0,"730876,200100000020000","5693624,369500000000000",12.31544789000003,51.34692280300004,7,7,7,Alt-West
163072,14170914144200586090,14,7,13,000,2017,09,15,5,3,2,6,0,1,0,0,0,0,0,"735620,834200000040000","5696900,497200000100000",12.385625679000043,51.37438353400006,9,9,9,Nord
163089,14171017144200708291,14,7,13,000,2017,10,17,3,3,5,2,1,1,0,0,0,1,0,"734302,144199999980000","5695736,279299999600000",12.36594552400004,51.36447860000004,9,9,9,Nord
163090,14171017144200697940,14,7,13,000,2017,10,15,3,3,2,6,1,1,0,0,0,0,0,"732576,001799999970000","5692084,739099999900000",12.338807814000063,51.33240916500006,7,7,7,Alt-West
163091,14171017144200697920,14,7,13,000,2017,10,13,3,2,5,3,1,1,0,0,0,0,0,"734601,265999999950000","5699700,611700000200000",12.372852270000067,51.39994032200008,9,9,9,Nord
163097,14171017144200672970,14,7,13,000,2017,10,16,3,3,5,3,1,1,0,0,0,0,0,"734633,371500000010000","5692445,648299999500000",12.368526058000043,51.33480389300007,0,0,0,Mitte
163098,14171017144100690730,14,7,13,000,2017,10,14,3,2,2,6,0,1,0,1,0,0,0,"739822,357599999990000","5692897,321300000000000",12.443183211000076,51.33669374700003,2,2,2,Ost
163099,14171017143215708201,14,7,13,000,2017,10,07,3,3,3,6,1,0,0,0,0,0,0,"735600,934800000050000","5697088,780700000000000",12.385465082000053,51.376081862000035,9,9,9,Nord
163109,14171016148415707491,14,7,13,000,2017,10,11,2,3,0,7,1,0,0,0,0,0,0,"735377,798599999980000","5693309,525000000400000",12.379764393000073,51.34225073700003,0,0,0,Mitte
163110,14171016148410694890,14,7,13,000,2017,10,12,2,3,1,5,1,0,0,0,1,0,0,"734619,684000000010000","5694799,319299999600000",12.369880850000072,51.35593705400004,9,9,9,Nord
163111,14171016148410694880,14,7,13,000,2017,10,12,2,3,5,3,0,1,0,0,0,0,0,"730917,511000000060000","5693925,107499999900000",12.316235136000046,51.34960571600004,7,7,7,Alt-West
163112,14171016148410672990,14,7,13,000,2017,10,10,2,3,5,3,1,1,0,0,0,0,0,"734176,031500000040000","5692169,470599999700000",12.361790860000042,51.33251327500005,0,0,0,Mitte
163113,14171016148410672900,14,7,13,000,2017,10,08,2,3,4,2,1,1,0,0,0,0,0,"734893,261999999990000","5693873,844999999700000",12.373192219000032,51.347516658000075,0,0,0,Mitte
163115,14171016148210707581,14,7,13,000,2017,10,16,2,3,6,6,0,1,1,0,0,0,0,"737673,200199999960000","5693390,929300000000000",12.412715677000051,51.34202660600005,2,2,2,Ost
163132,14171015149110706621,14,7,13,000,2017,10,17,1,3,6,4,1,0,1,0,0,1,0,"730995,779400000000000","5682974,427600000100000",12.31027094600006,51.251269828000034,5,5,5,Südwest
163133,14171015149110705681,14,7,13,000,2017,10,14,1,2,0,1,1,0,0,0,0,0,0,"736148,723499999960000","5687490,623800000200000",12.386960507000026,51.289699047000056,4,4,4,Süd
163134,14171015148110672700,14,7,13,000,2017,10,13,1,3,5,3,0,1,0,0,0,0,0,"730704,322999999970000","5697295,549999999800000",12.31536535500004,51.379948342000034,8,8,8,Nordwest
163150,14171014148310674320,14,7,13,000,2017,10,16,7,3,5,2,1,1,0,0,0,0,0,"731778,442999999970000","5691739,146999999900000",12.327154219000022,51.329632409000055,5,5,5,Südwest
163159,14171013148410672920,14,7,13,000,2017,10,16,6,3,1,5,1,1,0,0,0,0,0,"735919,760099999960000","5692139,527599999700000",12.386756928000068,51.331523934000074,0,0,0,Mitte
163160,14171013148310671440,14,7,13,000,2017,10,20,6,3,1,1,1,1,0,0,0,2,0,"729383,493600000050000","5694374,673499999600000",12.294533897000065,51.35426260700007,7,7,7,Alt-West
163161,14171013148210667870,14,7,13,000,2017,10,13,6,3,8,1,1,0,0,0,0,0,0,"735005,131399999950000","5692200,195100000100000",12.37369142800003,51.332447123000065,0,0,0,Mitte
163162,14171013148110698250,14,7,13,000,2017,10,18,6,3,5,3,1,1,0,0,0,2,0,"732555,685799999980000","5696367,575400000400000",12.341315038000062,51.37086307100003,8,8,8,Nordwest
163178,14171012148410672870,14,7,13,000,2017,10,14,5,3,2,6,0,1,0,0,0,0,0,"737886,770800000060000","5693850,101200000400000",12.416083211000057,51.34605881200008,2,2,2,Ost
163179,14171012148210672860,14,7,13,000,2017,10,15,5,3,6,7,0,1,1,0,0,0,0,"737350,707300000010000","5693444,177600000100000",12.408129338000037,51.34263927400008,2,2,2,Ost
163180,14171012148210666610,14,7,13,000,2017,10,21,5,3,5,3,0,1,0,0,0,2,0,"736695,532699999980000","5689803,001899999600000",12.396321533000048,51.31022855900005,4,4,4,Süd
163181,14171012144200667310,14,7,13,000,2017,10,12,5,2,5,3,1,0,0,0,1,0,0,"735589,793599999980000","5693140,450500000300000",12.382690868000054,51.34064527900006,0,0,0,Mitte
163193,14171011148410660830,14,7,13,000,2017,10,12,4,2,3,2,1,1,0,0,0,0,0,"733821,387699999960000","5692556,343100000200000",12.356962941000063,51.33613195000004,0,0,0,Mitte
163194,14171011148110668630,14,7,13,000,2017,10,09,4,3,2,6,0,1,0,0,1,0,1,"730604,891599999970000","5696896,286200000000000",12.313679949000061,51.376404595000054,8,8,8,Nordwest
163196,14171011144200665530,14,7,13,000,2017,10,11,4,3,4,2,0,1,0,0,0,0,0,"732234,935000000060000","5699205,693000000000000",12.338570202000028,51.39647106000007,8,8,8,Nordwest
163213,14171010148410702430,14,7,13,000,2017,10,16,3,3,1,6,0,1,0,0,1,0,1,"735983,085899999950000","5692883,573099999700000",12.388157130000025,51.33817640600006,0,0,0,Mitte
163214,14171010148410694870,14,7,13,000,2017,10,16,3,3,5,3,0,1,0,0,0,0,1,"737403,289899999970000","5693656,122299999900000",12.409024239000075,51.34451974600006,2,2,2,Ost
163215,14171010148410664150,14,7,13,000,2017,10,15,3,3,5,3,1,1,0,0,0,0,1,"737001,245899999980000","5689969,923399999700000",12.400810782000065,51.31159967700006,4,4,4,Süd
163216,14171010148110672620,14,7,13,000,2017,10,09,3,3,5,3,1,1,0,0,0,0,1,"734828,938399999980000","5695605,882399999500000",12.373413199000026,51.36309062200007,9,9,9,Nord
163217,14171010148110656470,14,7,13,000,2017,10,23,3,3,3,5,1,1,0,0,0,2,1,"734604,618999999950000","5693090,277099999600000",12.368538596000064,51.34060221800007,0,0,0,Mitte
163218,14171010148110656450,14,7,13,000,2017,10,06,3,3,5,3,0,1,0,0,0,2,1,"734892,074000000020000","5698783,990000000200000",12.37641895300004,51.39159217900004,9,9,9,Nord
163219,14171010144200707661,14,7,13,000,2017,10,15,3,2,5,3,1,1,0,0,0,0,1,"734138,706699999980000","5695547,822900000000000",12.363477896000063,51.362854311000035,9,9,9,Nord
163220,14171010144200698850,14,7,13,000,2017,10,08,3,3,3,2,1,1,0,0,0,0,0,"735187,027699999980000","5695103,231100000400000",12.378215390000037,51.35843056200008,0,0,0,Mitte
163228,14171009148110671390,14,7,13,000,2017,10,21,2,3,0,1,0,1,1,0,0,2,1,"731372,429600000030000","5696698,140200000300000",12.324560204000022,51.37431369600006,8,8,8,Nordwest
163229,14171009144200668491,14,7,13,000,2017,10,16,2,3,5,3,0,1,0,1,0,0,0,"733178,144100000030000","5695859,343299999800000",12.349908721000077,51.36604571600003,8,8,8,Nordwest
163244,14171008148410672890,14,7,13,000,2017,10,13,1,3,5,3,1,1,0,0,0,0,1,"736858,474500000010000","5692706,682199999700000",12.400584294000055,51.33622468500005,3,3,3,Südost
163245,14171008148410656721,14,7,13,000,2017,10,17,1,3,6,6,1,0,1,0,0,0,1,"733595,435300000010000","5691869,687199999600000",12.353274745000022,51.330060986000035,5,5,5,Südwest
163256,14171006148410669350,14,7,13,000,2017,10,19,6,3,4,2,1,1,0,0,0,2,0,"735975,658999999990000","5692882,708599999500000",12.388050125000063,51.33817172700003,0,0,0,Mitte
163257,14171006148310658980,14,7,13,000,2017,10,12,6,3,6,4,0,1,1,0,0,0,0,"731556,441100000050000","5692166,176599999900000",12.324250664000033,51.33355619800005,7,7,7,Alt-West
163258,14171006148110653460,14,7,13,000,2017,10,19,6,2,6,4,0,1,1,0,0,2,1,"733239,006199999950000","5695698,248999999800000",12.350675831000046,51.36457466200005,8,8,8,Nordwest
163259,14171006144320672910,14,7,13,000,2017,10,17,6,3,3,2,1,1,0,0,0,0,1,"735269,081400000020000","5692777,944100000000000",12.377855109000052,51.33752408300006,0,0,0,Mitte
163260,14171006144200660050,14,7,13,000,2017,10,09,6,2,9,1,0,1,1,0,1,0,0,"734771,712199999950000","5692480,698499999900000",12.370531563000043,51.33506143000005,0,0,0,Mitte
163261,14171006144200655170,14,7,13,000,2017,10,12,6,3,6,7,0,1,0,0,1,0,0,"737705,006000000050000","5693298,450500000300000",12.413109776000056,51.34118322100005,2,2,2,Ost
163273,14171005148410673000,14,7,13,000,2017,10,11,5,3,5,3,0,1,0,0,1,0,1,"733821,693899999950000","5692555,936300000200000",12.356967062000024,51.33612817200003,0,0,0,Mitte
163274,14171005148410651400,14,7,13,000,2017,10,20,5,3,5,3,0,1,0,1,0,2,0,"733853,596999999950000","5693446,998999999800000",12.35800931500006,51.34411369900005,0,0,0,Mitte
163275,14171005148221948720,14,7,13,000,2017,10,12,5,3,6,7,0,1,1,0,0,0,0,"734897,730199999990000","5689308,048800000000000",12.370247283000026,51.30653033900006,4,4,4,Süd
163276,14171005148110656880,14,7,13,000,2017,10,16,5,3,5,3,0,1,0,0,1,0,1,"735098,755600000030000","5698331,581899999600000",12.37908483800004,51.38744568300007,9,9,9,Nord
163277,14171005148110655180,14,7,13,000,2017,10,15,5,3,6,6,0,1,0,0,1,0,1,"737412,694699999990000","5696907,430499999800000",12.41132864900004,51.37369958100004,1,1,1,Nordost
163278,14171005144200646660,14,7,13,000,2017,10,16,5,2,1,6,1,1,0,0,0,0,1,"732304,614700000030000","5690615,256600000000000",12.333961246000058,51.31932888100005,5,5,5,Südwest
163290,14171004148410656290,14,7,13,000,2017,10,11,4,3,3,2,1,1,0,0,0,0,0,"736096,668199999960000","5693867,454500000000000",12.390437131000056,51.346960797000065,0,0,0,Mitte
163291,14171004148110651230,14,7,13,000,2017,10,07,4,3,5,3,1,1,0,0,0,1,0,"734485,381399999950000","5695027,171000000100000",12.368105575000072,51.35803777000007,9,9,9,Nord
163292,14171004144200646330,14,7,13,000,2017,10,06,4,2,5,3,1,1,0,0,0,1,0,"736562,113999999940000","5697170,738400000100000",12.399305231000028,51.376417966000076,1,1,1,Nordost
163301,14171003144320692730,14,7,13,000,2017,10,10,3,3,5,3,1,1,0,0,0,0,1,"735783,702999999980000","5693805,154000000100000",12.385910005000028,51.34653145800007,0,0,0,Mitte
163302,14171003144200646320,14,7,13,000,2017,10,23,3,2,6,4,0,1,1,0,0,2,1,"734648,537699999990000","5695393,007700000000000",12.370686062000061,51.36125431200003,9,9,9,Nord
163312,14171002148110652200,14,7,13,000,2017,10,16,2,3,5,3,0,1,0,0,0,0,1,"734277,712599999970000","5695510,209599999700000",12.365446289000033,51.36245937900003,9,9,9,Nord
163313,14171002144200690880,14,7,13,000,2017,10,19,2,3,5,3,0,1,0,0,0,0,1,"742269,445100000010000","5694562,686300000200000",12.479380422000077,51.35060389400007,2,2,2,Ost
163314,14171002144200672810,14,7,13,000,2017,10,13,2,3,4,2,0,1,0,0,0,0,1,"739494,834999999960000","5691859,810999999800000",12.437792671000068,51.32751929500006,2,2,2,Ost
163315,14171002144200660020,14,7,13,000,2017,10,18,2,3,5,3,1,1,0,0,0,1,1,"734650,726000000020000","5693211,194000000100000",12.369279057000028,51.341668594000055,0,0,0,Mitte
163316,14171002144200652150,14,7,13,000,2017,10,14,2,3,5,3,1,1,0,0,0,0,1,"735531,290000000040000","5692695,239000000100000",12.381558028000029,51.33667316100008,0,0,0,Mitte
163317,14171002144100656100,14,7,13,000,2017,10,15,2,3,2,6,0,1,0,0,0,0,1,"735532,304099999950000","5695761,264999999700000",12.383601335000037,51.36419423900003,9,9,9,Nord
163332,14171001148310652420,14,7,13,000,2017,10,15,1,3,5,7,0,1,0,0,0,0,0,"730793,260600000040000","5691705,150500000500000",12.31301545100007,51.32972778900006,7,7,7,Alt-West
163342,14170930144200646490,14,7,13,000,2017,09,21,7,3,6,4,0,1,1,0,0,2,0,"738875,832799999970000","5693672,011099999800000",12.430139515000064,51.344045599000026,2,2,2,Ost
163343,14170930144200646310,14,7,13,000,2017,09,09,7,3,2,6,0,1,0,0,0,0,0,"737383,546899999960000","5699077,188500000200000",12.412360371000034,51.393187416000046,1,1,1,Nordost
163353,14170929148410664140,14,7,13,000,2017,09,14,6,3,5,3,1,1,0,0,0,0,0,"736081,322799999970000","5692627,486600000400000",12.389395215000036,51.335836940000036,0,0,0,Mitte
163354,14170929148310646640,14,7,13,000,2017,09,12,6,3,0,7,0,1,0,0,0,0,0,"729636,785999999960000","5689587,928500000400000",12.295080351000024,51.31118927700004,6,6,6,West
163355,14170929148220633770,14,7,13,000,2017,09,19,6,2,4,2,1,1,0,0,0,2,0,"735282,263900000020000","5690787,051300000400000",12.376729708000028,51.31964766200008,4,4,4,Süd
163356,14170929148210660360,14,7,13,000,2017,09,09,6,3,5,3,1,0,0,0,0,0,0,"739269,073699999950000","5689513,178000000300000",12.432983920000027,51.30655126400006,3,3,3,Südost
163357,14170929148210646460,14,7,13,000,2017,09,16,6,3,5,3,0,1,0,0,0,0,0,"739758,989399999960000","5688233,061300000200000",12.439139779000072,51.29485506200007,3,3,3,Südost
163358,14170929148110626490,14,7,13,000,2017,09,14,6,2,5,3,1,1,0,0,0,0,0,"729166,309699999980000","5700941,986100000300000",12.295656449000035,51.413305249000075,8,8,8,Nordwest
163359,14170929144200672630,14,7,13,000,2017,09,12,6,3,1,6,0,1,0,0,1,0,0,"734342,257699999960000","5696048,126500000200000",12.366726208000046,51.36726132100006,9,9,9,Nord
163360,14170929144200666030,14,7,13,000,2017,09,14,6,3,9,1,1,1,0,0,0,0,0,"732585,852399999970000","5692080,148000000000000",12.338945973000023,51.33236392400005,5,5,5,Südwest
163361,14170929144200646840,14,7,13,000,2017,09,08,6,3,5,3,1,1,0,0,0,0,0,"735961,675900000030000","5691777,230100000300000",12.387117640000042,51.32825446900006,0,0,0,Mitte
163362,14170929144200646470,14,7,13,000,2017,09,18,6,3,4,2,1,1,0,0,0,0,0,"742085,958600000010000","5693951,491399999700000",12.476334863000034,51.34519634800006,2,2,2,Ost
163363,14170929144200625620,14,7,13,000,2017,09,09,6,2,4,3,1,1,0,0,0,0,0,"738008,261599999970000","5695233,160000000100000",12.418749372000036,51.35842221900003,1,1,1,Nordost
163380,14171106148110762610,14,7,13,000,2017,11,15,2,3,5,3,0,1,0,0,0,0,0,"739247,804000000000000","5697709,551000000000000",12.438186072000065,51.380129158000045,1,1,1,Nordost
163382,14171106144200753670,14,7,13,000,2017,11,17,2,2,5,3,0,1,0,0,0,2,0,"735998,121000000040000","5699790,481900000000000",12.392956831000049,51.40016777500006,9,9,9,Nord
163383,14171106144200752470,14,7,13,000,2017,11,15,2,2,6,4,1,0,1,0,0,0,0,"735975,258599999940000","5691617,461299999600000",12.387206470000024,51.32681470800003,0,0,0,Mitte
163384,14171106144200752410,14,7,13,000,2017,11,18,2,3,5,2,1,1,0,0,0,2,0,"735668,057999999960000","5692503,247000000400000",12.38339094500003,51.33489312700004,0,0,0,Mitte
163385,14171106144200749830,14,7,13,000,2017,11,08,2,3,2,2,0,1,0,0,0,0,0,"729831,533399999960000","5694458,891599999700000",12.30101183000005,51.35483763000008,7,7,7,Alt-West
163396,14171105144200756000,14,7,13,000,2017,11,17,1,3,4,2,0,1,0,0,0,1,1,"736696,103899999990000","5689803,313000000100000",12.396329920000028,51.31023111400003,4,4,4,Süd
163403,14171104148423767840,14,7,13,000,2017,11,13,7,3,6,4,1,0,1,0,0,0,0,"735075,047600000050000","5692402,763799999800000",12.37482691100007,51.334236565000026,0,0,0,Mitte
163404,14171104148410789740,14,7,13,000,2017,11,12,7,3,6,7,0,1,1,0,1,0,0,"735324,916500000050000","5692447,372800000000000",12.378436897000029,51.33453366200007,0,0,0,Mitte
163405,14171104144200760940,14,7,13,000,2017,11,13,7,3,6,4,0,0,1,0,1,0,0,"735416,088200000000000","5692987,683400000400000",12.380100424000034,51.33934593500004,0,0,0,Mitte
163412,14171103148410742810,14,7,13,000,2017,11,16,6,3,0,7,1,0,0,0,0,1,0,"736485,615899999980000","5691360,219700000200000",12.394347732000028,51.32429374000003,0,0,0,Mitte
163414,14171103148110744650,14,7,13,000,2017,11,07,6,3,6,4,0,1,1,0,0,1,0,"738027,217599999970000","5695050,648699999800000",12.418899040000042,51.35677607200006,1,1,1,Nordost
163415,14171103144200752290,14,7,13,000,2017,11,05,6,3,4,2,0,1,0,0,0,1,0,"737373,255600000030000","5693158,867999999800000",12.40826233200005,51.340068907000045,2,2,2,Ost
163416,14171103144200742570,14,7,13,000,2017,11,19,6,3,5,3,0,1,0,0,0,2,0,"734643,679000000000000","5693251,446200000100000",12.36920458000003,51.34203282200008,0,0,0,Mitte
163417,14171103144200742490,14,7,13,000,2017,11,22,6,3,5,3,0,1,0,0,1,2,0,"737387,415999999970000","5691589,217000000200000",12.407419508000032,51.325973702000056,3,3,3,Südost
163431,14171102148410760890,14,7,13,000,2017,11,17,5,3,5,3,1,1,0,0,0,2,1,"735332,846499999990000","5692188,994099999800000",12.378379875000064,51.33221108600003,0,0,0,Mitte
163432,14171102148410742840,14,7,13,000,2017,11,13,5,3,5,3,0,1,0,0,0,0,0,"733898,726999999960000","5692473,833999999800000",12.358017079000035,51.335359502000074,0,0,0,Mitte
163433,14171102148410742750,14,7,13,000,2017,11,13,5,3,0,7,1,0,0,0,0,0,0,"735474,034400000000000","5693364,697800000200000",12.381180132000054,51.34270613900003,0,0,0,Mitte
163434,14171102148310739000,14,7,13,000,2017,11,11,5,3,3,2,0,1,0,0,1,0,0,"730259,706099999950000","5691363,850599999500000",12.305149518000064,51.32688016000003,6,6,6,West
163435,14171102148210747430,14,7,13,000,2017,11,16,5,3,5,3,0,1,0,0,0,2,0,"739758,790000000040000","5688232,939000000200000",12.439136842000039,51.29485404800005,3,3,3,Südost
163436,14171102148210736100,14,7,13,000,2017,11,12,5,3,5,3,0,1,0,0,0,0,0,"739757,775000000020000","5688232,315999999600000",12.43912189300005,51.29484888300004,3,3,3,Südost
163437,14171102148110744620,14,7,13,000,2017,11,15,5,2,8,1,0,1,0,0,0,0,0,"733243,427499999990000","5698206,841699999800000",12.352385440000035,51.38709128900007,9,9,9,Nord
163438,14171102144310744610,14,7,13,000,2017,11,16,5,3,3,2,1,1,0,0,0,1,0,"733727,057700000000000","5695686,367900000000000",12.357666381000058,51.36426744400006,9,9,9,Nord
163439,14171102144200762710,14,7,13,000,2017,11,11,5,3,9,1,0,1,0,0,0,0,0,"731236,662999999940000","5696751,815399999700000",12.322647833000076,51.37485082000006,8,8,8,Nordwest
163440,14171102144200744540,14,7,13,000,2017,11,10,5,2,5,3,1,1,0,0,0,0,0,"737838,667000000020000","5695037,225499999700000",12.416186996000022,51.356734525000036,1,1,1,Nordost
163441,14171102144200742500,14,7,13,000,2017,11,19,5,2,6,4,0,1,1,0,0,2,1,"734804,522099999940000","5692515,680200000300000",12.371024783000053,51.33536189500006,0,0,0,Mitte
163443,14171102144200736080,14,7,13,000,2017,11,07,5,3,4,2,1,1,0,0,0,1,1,"735184,748299999980000","5688977,977900000300000",12.374140164000039,51.30344898900006,4,4,4,Süd
163444,14171102144200736070,14,7,13,000,2017,11,16,5,3,3,6,0,1,0,0,0,0,0,"742041,533300000010000","5694306,437599999800000",12.475939480000022,51.348401049000074,2,2,2,Ost
163459,14171101148410760760,14,7,13,000,2017,11,07,4,3,2,6,0,1,0,0,1,0,1,"736004,999799999990000","5693700,367999999800000",12.389012456000046,51.345499053000026,0,0,0,Mitte
163460,14171101148410742590,14,7,13,000,2017,11,13,4,3,5,3,1,1,0,0,0,0,0,"735165,177400000040000","5693621,121000000300000",12.37692286500004,51.345135706000065,0,0,0,Mitte
163461,14171101148410742480,14,7,13,000,2017,11,05,4,3,0,7,1,0,0,0,0,2,1,"735061,390499999980000","5693144,499800000300000",12.375120670000058,51.34090030400006,0,0,0,Mitte
163462,14171101148320799710,14,7,13,000,2017,11,20,4,3,6,4,0,1,1,0,0,2,0,"732342,644500000050000","5691708,760599999700000",12.335218747000056,51.32912947400007,5,5,5,Südwest
163463,14171101148210736000,14,7,13,000,2017,11,08,4,2,6,4,1,0,1,0,0,0,1,"735047,385400000030000","5691293,942099999600000",12.37369921800007,51.32429478300003,4,4,4,Süd
163464,14171101144200742450,14,7,13,000,2017,11,13,4,3,6,2,0,1,1,0,0,0,0,"735774,687799999960000","5693199,415500000100000",12.385379714000067,51.341097931000036,0,0,0,Mitte
163477,14171031144200752400,14,7,13,000,2017,10,02,3,3,5,3,1,1,0,0,0,2,0,"736422,826800000040000","5691199,774299999700000",12.393341796000072,51.32287964100004,0,0,0,Mitte
163480,14171030148410760960,14,7,13,000,2017,10,16,2,3,6,4,1,0,1,0,0,0,0,"735305,844000000040000","5693453,492999999800000",12.378828264000049,51.343572822000056,0,0,0,Mitte
163481,14171030148410732570,14,7,13,000,2017,10,13,2,3,2,2,0,1,0,0,0,0,0,"734782,723699999970000","5692496,925400000100000",12.370700051000028,51.335202544000026,0,0,0,Mitte
163482,14171030148410732560,14,7,13,000,2017,10,13,2,2,2,6,0,1,0,1,0,0,0,"736174,022800000040000","5691041,898600000000000",12.389672880000035,51.32156583500006,0,0,0,Mitte
163483,14171030148310706701,14,7,13,000,2017,10,13,2,3,1,1,1,1,0,0,0,0,0,"731737,103600000030000","5690383,943400000200000",12.325680936000026,51.317483809000066,5,5,5,Südwest
163494,14171029148210752440,14,7,13,000,2017,10,20,1,3,5,3,0,1,0,0,0,2,0,"737387,415999999970000","5691589,217000000200000",12.407419508000032,51.325973702000056,3,3,3,Südost
163495,14171029148110708371,14,7,13,000,2017,10,20,1,3,0,7,0,1,0,0,0,2,0,"735069,771300000020000","5696840,754599999600000",12.377682767000067,51.37407561600003,9,9,9,Nord
163496,14171029144200733920,14,7,13,000,2017,10,19,1,3,5,3,0,1,0,0,0,2,1,"732234,271300000020000","5699204,617200000200000",12.338559975000067,51.39646167500007,8,8,8,Nordwest
163500,14171028148210736260,14,7,13,000,2017,10,23,7,3,3,2,0,1,0,0,0,2,1,"736285,011000000060000","5688581,633000000400000",12.389633439000022,51.29943576100004,4,4,4,Süd
163501,14171028144200707561,14,7,13,000,2017,10,18,7,3,3,7,0,1,0,0,1,2,1,"735029,615200000000000","5691620,716199999700000",12.373660090000044,51.32723537800007,0,0,0,Mitte
163502,14171028143219749750,14,7,13,000,2017,10,14,7,3,6,7,0,1,1,0,0,0,0,"731602,872699999950000","5688936,341599999900000",12.322818281000025,51.30454350100007,5,5,5,Südwest
163509,14171027144200742730,14,7,13,000,2017,10,20,6,3,3,2,1,1,0,0,0,2,1,"735564,206800000040000","5692151,114600000000000",12.381669977000058,51.33177529900007,0,0,0,Mitte
163510,14171027144200707651,14,7,13,000,2017,10,07,6,3,5,3,1,1,0,0,0,1,1,"734805,453699999950000","5692565,352500000000000",12.371070871000029,51.33580738900008,0,0,0,Mitte
163511,14171027144200707641,14,7,13,000,2017,10,13,6,2,6,4,0,0,1,0,1,0,1,"735093,143000000040000","5694874,201799999900000",12.37671802400007,51.35641356900004,0,0,0,Mitte