OBJECTID,UIDENTSTLA,ULAND,UREGBEZ,UKREIS,UGEMEINDE,UJAHR,UMONAT,USTUNDE,UWOCHENTAG,UKATEGORIE,UART,UTYP1,IstRad,IstPKW,IstFuss,IstKrad,IstSonstig,LICHT,STRZUSTAND,LINREFX,LINREFY,XGCSWGS84,YGCSWGS84,index_right,FID,SBZ,Name
163512,14171027144200707571,14,7,13,000,2017,10,12,6,3,6,3,1,0,1,0,0,0,0,"735973,560799999980000","5691619,167500000400000",12.38718327500004,51.32683072700007,0,0,0,Mitte
163513,14171027144200706651,14,7,13,000,2017,10,15,6,3,2,6,0,1,0,0,0,0,1,"733572,841000000010000","5690676,794999999900000",12.352169385000025,51.31936215500008,5,5,5,Südwest
163514,14171027143215707621,14,7,13,000,2017,10,07,6,3,4,2,1,1,0,0,0,1,1,"735048,944000000020000","5695040,284400000200000",12.376194076000047,51.35792266300007,0,0,0,Mitte
163526,14171026148310706601,14,7,13,000,2017,10,15,5,3,5,3,1,1,0,0,0,0,0,"731585,741000000040000","5692692,474999999600000",12.325012670000035,51.33826876000006,7,7,7,Alt-West
163527,14171026148210769330,14,7,13,000,2017,10,16,5,3,5,3,1,1,0,0,0,0,0,"737930,340800000010000","5692479,379999999900000",12.415792017000058,51.333737014000064,2,2,2,Ost
163529,14171026144320797770,14,7,13,000,2017,10,16,5,3,3,6,1,1,0,0,0,0,0,"735432,052499999990000","5693210,275899999800000",12.380476351000027,51.34133738500003,0,0,0,Mitte
163530,14171026144200742720,14,7,13,000,2017,10,15,5,3,1,7,1,1,0,0,0,0,0,"735890,662800000050000","5692600,244099999800000",12.386645026000053,51.33567151600005,0,0,0,Mitte
163531,14171026144200708271,14,7,13,000,2017,10,00,5,2,6,4,0,1,1,0,0,2,0,"733896,050599999960000","5695025,224999999600000",12.359654902000045,51.358263169000054,9,9,9,Nord
163540,14171025148413708251,14,7,13,000,2017,10,08,4,3,1,5,1,1,0,0,0,0,0,"737399,619500000030000","5694544,676199999600000",12.40956417700005,51.35249696600005,1,1,1,Nordost
163541,14171025148210705781,14,7,13,000,2017,10,16,4,3,5,3,1,1,0,0,0,0,0,"735075,606900000010000","5689676,853099999900000",12.37303763600005,51.30976746700003,4,4,4,Süd
163542,14171025144200707531,14,7,13,000,2017,10,17,4,3,5,3,0,1,0,0,1,0,0,"733685,682000000030000","5693867,012600000000000",12.355878264000069,51.34795300400003,0,0,0,Mitte
163543,14171025144200705661,14,7,13,000,2017,10,06,4,3,6,4,0,1,1,0,0,1,0,"742307,828400000000000","5694557,831399999600000",12.479927271000065,51.35054395900005,2,2,2,Ost
163556,14171024148310706641,14,7,13,000,2017,10,17,3,3,1,7,0,1,0,1,0,2,0,"731644,546800000010000","5692069,662499999600000",12.325450485000033,51.33265393200003,7,7,7,Alt-West
163558,14171024148210705801,14,7,13,000,2017,10,13,3,3,2,2,0,1,0,1,0,0,0,"741485,180700000030000","5689758,953499999800000",12.464884382000037,51.30782159700004,3,3,3,Südost
163559,14171024148210705671,14,7,13,000,2017,10,06,3,3,2,2,0,1,0,0,0,0,1,"738332,525700000000000","5690885,710000000000000",12.420489271000065,51.31926392100007,3,3,3,Südost
163560,14171024144310854970,14,7,13,000,2017,10,15,3,3,2,6,0,1,0,0,0,0,0,"740594,947700000020000","5700209,690000000400000",12.459201654000026,51.401999989000046,1,1,1,Nordost
163561,14171024144200708281,14,7,13,000,2017,10,20,3,3,5,3,1,1,0,0,0,2,0,"735544,816100000050000","5697395,435499999700000",12.384863435000057,51.37885774000006,9,9,9,Nord
163562,14171024144200705741,14,7,13,000,2017,10,15,3,2,5,3,0,1,0,0,0,0,0,"735308,154499999950000","5689890,163200000300000",12.37650887500007,51.311586144000046,4,4,4,Süd
163563,14171024144200705731,14,7,13,000,2017,10,18,3,3,1,5,1,1,0,0,0,2,0,"735038,120600000020000","5691160,660899999600000",12.373478614000021,51.32310222500007,4,4,4,Süd
163578,14171023148410707611,14,7,13,000,2017,10,11,2,3,5,2,1,1,0,0,0,0,1,"733593,450199999960000","5693013,924399999900000",12.353996553000059,51.34033312400004,0,0,0,Mitte
163579,14171023148310707671,14,7,13,000,2017,10,16,2,3,3,2,1,1,0,0,0,1,0,"734643,473899999980000","5693490,534500000100000",12.36935918100005,51.34417906200008,0,0,0,Mitte
163580,14171023148210728330,14,7,13,000,2017,10,13,2,3,5,3,1,1,0,0,0,0,1,"740243,846699999990000","5693903,763199999900000",12.44990176300007,51.34554934000005,2,2,2,Ost
163581,14171023144200705751,14,7,13,000,2017,10,12,2,3,3,2,0,1,0,0,1,0,1,"739049,018999999970000","5694918,600999999800000",12.433458720000033,51.35516196200007,2,2,2,Ost
163582,14171023144200703010,14,7,13,000,2017,10,08,2,3,3,6,0,1,0,1,0,0,0,"737786,012899999970000","5691448,376299999700000",12.413036065000028,51.324543058000074,3,3,3,Südost
163592,14171022148410707501,14,7,13,000,2017,10,09,1,3,1,5,1,1,0,0,0,0,1,"734921,862800000000000","5694207,422000000300000",12.373822314000051,51.35049914700005,0,0,0,Mitte
163597,14171021148410698690,14,7,13,000,2017,10,11,7,3,2,6,0,1,0,0,0,0,0,"733538,306499999950000","5694193,178600000200000",12.353979735000053,51.350941410000075,0,0,0,Mitte
163598,14171021148410698660,14,7,13,000,2017,10,16,7,3,5,3,0,1,0,0,0,0,1,"734606,182099999980000","5692453,075100000000000",12.368141327000046,51.33488177500004,0,0,0,Mitte
163599,14171021148310706711,14,7,13,000,2017,10,14,7,3,0,1,1,0,0,0,0,0,0,"733118,574200000030000","5690662,014100000300000",12.345652159000053,51.31941574700005,5,5,5,Südwest
163600,14171021148310698620,14,7,13,000,2017,10,13,7,3,4,2,0,1,0,1,0,0,0,"732608,904199999990000","5692304,430300000100000",12.339422718000037,51.33436781300003,7,7,7,Alt-West
163602,14171021144100752190,14,7,13,000,2017,10,17,7,3,6,4,1,0,1,0,0,1,1,"733564,324499999990000","5693072,836400000400000",12.353617762000056,51.34087391500003,0,0,0,Mitte
163614,14171020148410694900,14,7,13,000,2017,10,13,6,3,1,5,1,1,0,0,0,0,0,"736158,551300000050000","5692827,775999999600000",12.390634670000054,51.33760272000006,0,0,0,Mitte
163615,14171020148310736310,14,7,13,000,2017,10,16,6,3,9,1,0,1,0,0,0,0,0,"740086,150200000030000","5686957,265700000300000",12.442966072000047,51.28326596100004,3,3,3,Südost
163616,14171020148110708231,14,7,13,000,2017,10,20,6,3,1,1,0,1,0,1,0,2,1,"738046,585700000050000","5697292,444500000200000",12.420677322000074,51.37689010200006,1,1,1,Nordost
163617,14171020144200701990,14,7,13,000,2017,10,17,6,3,8,1,0,1,0,0,0,1,1,"743304,237700000060000","5694340,478500000200000",12.494060234000074,51.348167567000075,2,2,2,Ost
163633,14171019148410707681,14,7,13,000,2017,10,19,5,2,0,7,0,1,0,0,0,2,0,"737214,296899999960000","5693757,246199999900000",12.406382890000032,51.34550632400004,2,2,2,Ost
163634,14171019148410707471,14,7,13,000,2017,10,17,5,3,5,2,1,1,0,0,0,0,0,"735967,065199999950000","5691625,389999999700000",12.387094331000071,51.32688927600003,0,0,0,Mitte
163635,14171019148310706591,14,7,13,000,2017,10,10,5,3,5,2,0,1,0,0,0,0,0,"728713,569999999950000","5694746,687400000200000",12.285168204000058,51.357872222000026,7,7,7,Alt-West
163636,14171019148210705771,14,7,13,000,2017,10,10,5,3,5,3,1,0,0,0,1,0,0,"741590,480300000050000","5692919,584499999900000",12.468533887000035,51.33614524200004,2,2,2,Ost
163638,14171019144200690900,14,7,13,000,2017,10,13,5,3,1,5,0,1,0,0,1,0,0,"738255,167999999950000","5690884,952999999700000",12.419380669000077,51.31928951900005,3,3,3,Südost
163639,14171019144200672960,14,7,13,000,2017,10,12,5,2,5,3,1,1,0,0,0,0,0,"735044,363800000050000","5692575,889600000300000",12.374501441000064,51.33580328800008,0,0,0,Mitte
163640,14171019144200672950,14,7,13,000,2017,10,16,5,2,3,6,1,0,0,0,0,0,0,"735023,422000000020000","5692533,439000000200000",12.374173337000059,51.335430890000055,0,0,0,Mitte
163641,14171019144200672940,14,7,13,000,2017,10,19,5,2,6,4,1,0,1,0,0,2,0,"735171,202700000020000","5693028,118200000400000",12.376617619000058,51.33981021800008,0,0,0,Mitte
163642,14171019144000694910,14,7,13,000,2017,10,07,5,3,6,2,0,0,1,0,1,1,0,"728893,059699999980000","5700995,512299999600000",12.291768340000033,51.413896099000056,8,8,8,Nordwest
163643,14171019143215692740,14,7,13,000,2017,10,16,5,3,5,3,1,1,0,0,0,0,0,"738825,200399999970000","5695760,413300000100000",12.43081528700003,51.36281200900004,1,1,1,Nordost
163657,14171018148310694840,14,7,13,000,2017,10,08,4,3,5,2,1,1,0,0,0,0,0,"731781,957500000020000","5691740,828400000000000",12.327205672000048,51.32964607000008,5,5,5,Südwest
163659,14171018144200774470,14,7,13,000,2017,10,11,4,3,5,3,1,1,0,0,0,0,0,"737287,295099999990000","5694419,484100000000000",12.407870561000038,51.35142014000007,1,1,1,Nordost
163660,14171018144200703020,14,7,13,000,2017,10,11,4,3,2,2,0,1,0,0,1,0,0,"734168,103000000000000","5696466,159900000300000",12.36450411900006,51.37108557600004,9,9,9,Nord
163680,14171017148410707691,14,7,13,000,2017,10,07,3,3,5,3,0,1,0,0,1,0,0,"737190,061699999960000","5693977,635200000400000",12.406182357000034,51.34749466100004,2,2,2,Ost
163681,14171017148410672880,14,7,13,000,2017,10,23,3,3,5,3,1,0,0,0,1,2,0,"734749,781700000050000","5693852,477699999700000",12.371121507000055,51.34738412300004,0,0,0,Mitte
163682,14171017148410672760,14,7,13,000,2017,10,15,3,2,6,4,0,0,1,0,1,0,0,"735073,622800000010000","5689885,780299999800000",12.37314688300006,51.31164370600004,4,4,4,Süd
163683,14171017148310698610,14,7,13,000,2017,10,14,3,3,5,3,0,1,0,0,0,0,0,"730421,686100000050000","5690953,074199999700000",12.30720489600003,51.32312703400004,7,7,7,Alt-West
163684,14171017148310674350,14,7,13,000,2017,10,15,3,3,3,6,0,1,0,0,1,0,0,"733067,143099999990000","5690609,840300000300000",12.344881284000053,51.31896846700005,5,5,5,Südwest
163685,14171017148220698300,14,7,13,000,2017,10,12,3,3,1,7,1,1,0,0,0,0,0,"735488,324600000050000","5690895,842899999600000",12.379753382000047,51.32053897800006,4,4,4,Süd
163686,14171017148210672780,14,7,13,000,2017,10,20,3,2,8,1,0,1,0,0,0,2,0,"742246,636300000010000","5694139,815200000100000",12.478765746000022,51.34681818800004,2,2,2,Ost
163687,14171017148110672660,14,7,13,000,2017,10,22,3,3,1,1,0,1,0,0,0,2,0,"738906,379500000040000","5698017,972400000300000",12.433496365000053,51.38304122200003,1,1,1,Nordost
163688,14171017144320707461,14,7,13,000,2017,10,08,3,3,5,2,1,1,0,0,0,0,0,"735769,313899999950000","5692868,280600000200000",12.385083503000033,51.33812780300008,0,0,0,Mitte
163690,14171017144200791330,14,7,13,000,2017,10,19,3,2,6,4,0,1,1,0,0,2,0,"730671,483000000010000","5695514,449799999600000",12.313738597000054,51.36397297900004,7,7,7,Alt-West
163691,14171127148310811760,14,7,13,000,2017,11,13,2,3,5,2,1,0,0,0,1,0,0,"729937,283999999990000","5691200,989900000400000",12.300424657000065,51.32554855600006,6,6,6,West
163693,14171127148223846550,14,7,13,000,2017,11,18,2,3,5,3,1,1,0,0,0,2,1,"734177,139700000060000","5692175,862599999600000",12.361810940000055,51.33257019600006,0,0,0,Mitte
163694,14171127144200826780,14,7,13,000,2017,11,19,2,3,2,2,0,1,0,0,0,2,1,"735705,496799999960000","5690903,888799999800000",12.382869751000044,51.32052128600003,4,4,4,Süd
163695,14171127144200809650,14,7,13,000,2017,11,14,2,3,5,3,1,0,0,0,1,0,0,"740299,373000000020000","5698181,884999999800000",12.453587997000056,51.38392459900007,1,1,1,Nordost
163702,14171126144200811310,14,7,13,000,2017,11,06,1,3,5,3,0,1,0,0,1,2,0,"737248,366999999970000","5692229,235000000300000",12.40585345900007,51.33177656600003,3,3,3,Südost
163708,14171125149222816530,14,7,13,000,2017,11,01,7,3,0,1,0,0,0,0,1,2,1,"741609,376300000000000","5693968,295699999700000",12.46951606700003,51.34554990000004,2,2,2,Ost
163709,14171125148410826900,14,7,13,000,2017,11,16,7,3,8,1,0,1,0,0,0,2,1,"738018,098499999960000","5694418,794999999900000",12.418345720000048,51.35110841200003,1,1,1,Nordost
163710,14171125148310852670,14,7,13,000,2017,11,17,7,3,6,4,0,1,1,0,0,2,1,"733683,656199999970000","5692825,515900000000000",12.355165758000055,51.33860480300007,0,0,0,Mitte
163711,14171125148110833140,14,7,13,000,2017,11,22,7,2,8,1,0,1,0,0,0,2,1,"734897,253999999960000","5695312,457000000400000",12.37419899200006,51.36042849800003,9,9,9,Nord
163712,14171125144200811320,14,7,13,000,2017,11,15,7,3,5,2,1,1,0,0,0,0,1,"735121,640000000010000","5693981,654199999800000",12.376536940000051,51.34838998100008,0,0,0,Mitte
163713,14171125144200807600,14,7,13,000,2017,11,00,7,3,5,3,0,1,0,0,0,2,1,"736417,433300000030000","5692748,476599999700000",12.39429192800003,51.336783351000065,0,0,0,Mitte
163714,14171125144200802480,14,7,13,000,2017,11,18,7,2,6,4,0,0,1,0,1,2,1,"734792,981000000030000","5692612,533499999900000",12.370923231000063,51.33623605500003,0,0,0,Mitte
163725,14171124148410819840,14,7,13,000,2017,11,09,6,3,0,7,0,1,0,1,0,0,0,"737383,443399999990000","5693899,367499999700000",12.408901965000041,51.34671141100006,2,2,2,Ost
163726,14171124148410812250,14,7,13,000,2017,11,21,6,3,5,3,0,1,0,0,0,2,1,"735502,496200000050000","5692054,663700000400000",12.380721996000034,51.33093507800004,0,0,0,Mitte
163727,14171124148410799830,14,7,13,000,2017,11,08,6,3,4,3,1,1,0,0,0,0,0,"734281,890600000040000","5693503,847600000000000",12.364185408000026,51.34444767600007,0,0,0,Mitte
163728,14171124148310805520,14,7,13,000,2017,11,10,6,3,5,3,1,1,0,0,0,0,0,"733905,018599999950000","5690817,990100000100000",12.357020545000069,51.32049316200005,4,4,4,Süd
163729,14171124148210805240,14,7,13,000,2017,11,17,6,3,2,6,0,1,0,0,0,2,1,"737373,956699999980000","5692662,655799999800000",12.40794171300007,51.33561458500003,3,3,3,Südost
163730,14171124148110804920,14,7,13,000,2017,11,06,6,3,5,3,1,1,0,0,0,1,0,"737297,923500000030000","5695374,894999999600000",12.408660033000046,51.359991499000046,1,1,1,Nordost
163732,14171124144200809640,14,7,13,000,2017,11,09,6,2,5,2,1,1,0,0,0,0,0,"736501,043999999990000","5687438,262000000100000",12.391969496000058,51.28908287400003,4,4,4,Süd
163733,14171124144200804640,14,7,13,000,2017,11,16,6,3,4,2,1,1,0,0,0,2,1,"738337,924000000000000","5695141,686400000000000",12.423414296000033,51.357462998000074,1,1,1,Nordost
163751,14171123148410816330,14,7,13,000,2017,11,08,5,3,5,2,1,1,0,0,0,0,0,"735008,880600000030000","5691763,076100000200000",12.373456884000063,51.328521823000074,0,0,0,Mitte
163752,14171123148410811810,14,7,13,000,2017,11,16,5,3,6,4,0,0,1,1,0,1,0,"735105,990100000050000","5694827,856100000400000",12.37687158500006,51.35599224100008,0,0,0,Mitte
163753,14171123144200877270,14,7,13,000,2017,11,18,5,2,6,4,0,1,1,0,0,2,0,"734164,084999999960000","5696475,476700000500000",12.364452632000052,51.37117086400008,9,9,9,Nord
163754,14171123144200834020,14,7,13,000,2017,11,15,5,3,5,3,1,1,0,0,0,0,0,"736801,305000000050000","5693924,461000000100000",12.400574791000054,51.34717942900005,2,2,2,Ost
163755,14171123144200812550,14,7,13,000,2017,11,11,5,3,5,3,0,1,0,0,0,0,0,"738542,616999999970000","5691147,956000000200000",12.42367411400005,51.32152979800003,3,3,3,Südost
163756,14171123144200809570,14,7,13,000,2017,11,11,5,3,5,3,1,1,0,0,0,0,0,"734876,948699999950000","5694490,845900000100000",12.373365516000035,51.353061823000075,0,0,0,Mitte
163764,14171122144310809661,14,7,13,000,2017,11,13,4,2,5,3,1,1,0,0,0,0,0,"740801,532400000030000","5694628,743900000100000",12.458384874000046,51.351820529000065,2,2,2,Ost
163775,14171121148423794240,14,7,13,000,2017,11,12,3,3,6,3,1,0,1,0,0,0,1,"735045,368900000000000","5690907,200199999800000",12.37341536100007,51.32082406500007,4,4,4,Süd
163776,14171121148421799840,14,7,13,000,2017,11,17,3,3,6,7,0,1,1,0,0,0,0,"734824,895800000060000","5692538,029000000100000",12.37133147000003,51.33555409500008,0,0,0,Mitte
163777,14171121148310792100,14,7,13,000,2017,11,12,3,3,1,5,1,1,0,0,0,0,1,"731649,846999999950000","5691079,512400000400000",12.324882872000046,51.32376335600003,5,5,5,Südwest
163778,14171121148220839690,14,7,13,000,2017,11,16,3,3,5,3,0,1,0,0,0,2,1,"737068,028599999960000","5689053,263600000200000",12.401158262000024,51.30334377600008,4,4,4,Süd
163779,14171121145200826740,14,7,13,000,2017,11,19,3,3,5,7,1,1,0,0,0,1,1,"734820,883500000000000","5692994,902400000000000",12.37157515000007,51.33965683000008,0,0,0,Mitte
163780,14171121144320959570,14,7,13,000,2017,11,18,3,3,5,3,1,1,0,0,0,2,1,"732965,438599999990000","5692082,418899999900000",12.344386747000044,51.33222896700005,5,5,5,Südwest
163781,14171121144200959580,14,7,13,000,2017,11,17,3,3,1,6,0,1,0,0,0,2,1,"732947,484999999990000","5690583,230100000300000",12.343149757000049,51.31877859000008,5,5,5,Südwest
163782,14171121144200795780,14,7,13,000,2017,11,17,3,3,6,2,0,1,1,0,0,2,1,"736692,578300000050000","5689808,789200000500000",12.39628306000003,51.310281736000036,4,4,4,Süd
163783,14171121144200795760,14,7,13,000,2017,11,20,3,3,5,3,1,1,0,0,0,2,1,"734814,136999999990000","5692780,605999999700000",12.371337191000066,51.33773600600006,0,0,0,Mitte
163803,14171120148410799330,14,7,13,000,2017,11,16,2,3,2,6,0,1,0,0,0,2,1,"737193,895499999980000","5693490,051799999500000",12.405912498000077,51.34311648000005,2,2,2,Ost
163804,14171120148313811800,14,7,13,000,2017,11,19,2,3,5,3,1,1,0,0,0,2,1,"728720,679499999970000","5695025,465200000400000",12.28544936700007,51.36037199200007,7,7,7,Alt-West
163806,14171120144200909650,14,7,13,000,2017,11,15,2,3,5,2,0,1,0,0,1,0,1,"730543,239100000010000","5689688,814399999600000",12.30812910700007,51.31172852700007,5,5,5,Südwest
163807,14171120144200795750,14,7,13,000,2017,11,13,2,3,6,4,0,1,1,0,0,0,1,"735508,469599999950000","5692941,056200000500000",12.381393526000068,51.338889143000074,0,0,0,Mitte
163809,14171120144200789550,14,7,13,000,2017,11,06,2,3,5,3,1,1,0,0,0,1,1,"737358,493000000020000","5697862,436999999900000",12.411189148000062,51.38229434600004,1,1,1,Nordost
163817,14171119148410784700,14,7,13,000,2017,11,22,1,3,5,3,0,1,0,0,0,2,1,"737387,415999999970000","5691589,217000000200000",12.407419508000032,51.325973702000056,3,3,3,Südost
163818,14171119148210787390,14,7,13,000,2017,11,11,1,3,3,6,0,1,0,0,0,0,0,"738969,671699999950000","5689048,255699999600000",12.42838512000003,51.30250390800006,3,3,3,Südost
163819,14171119144200959510,14,7,13,000,2017,11,17,1,3,9,1,0,1,0,0,0,1,1,"728856,283100000000000","5690698,307400000300000",12.284613150000041,51.321471744000064,6,6,6,West
163820,14171119144200789240,14,7,13,000,2017,11,23,1,2,5,3,0,1,0,0,1,2,1,"729396,449000000020000","5700950,349000000400000",12.298965616000032,51.413287284000035,8,8,8,Nordwest
163821,14171119144200787010,14,7,13,000,2017,11,13,1,3,5,3,0,1,0,0,0,0,1,"736175,716400000030000","5691048,730000000400000",12.389701667000054,51.32162645200003,0,0,0,Mitte
163824,14171118148410787770,14,7,13,000,2017,11,15,7,3,5,3,1,1,0,0,0,0,1,"737284,040999999970000","5692941,464800000200000",12.406838970000024,51.338154716000076,2,2,2,Ost
163825,14171118148410780250,14,7,13,000,2017,11,00,7,3,0,1,1,0,0,0,0,2,0,"734864,354000000050000","5693342,415000000000000",12.372427316000028,51.34275828500006,0,0,0,Mitte
163826,14171118148220828400,14,7,13,000,2017,11,18,7,3,6,7,0,1,1,0,0,2,0,"738188,924000000000000","5692414,271999999900000",12.419453689000022,51.33304437900006,2,2,2,Ost
163838,14171117144200788520,14,7,13,000,2017,11,16,6,3,1,6,0,1,0,0,0,0,0,"734308,425099999990000","5691811,079800000400000",12.363452315000075,51.32924166300006,0,0,0,Mitte
163856,14171116148410780260,14,7,13,000,2017,11,07,5,3,5,6,0,1,0,1,0,0,1,"737332,251399999950000","5691465,456500000300000",12.406546788000071,51.324885831000074,3,3,3,Südost
163857,14171116148110779990,14,7,13,000,2017,11,14,5,3,6,2,0,1,1,0,0,0,0,"735838,801100000040000","5694971,042700000100000",12.387472267000021,51.35697389300003,9,9,9,Nord
163858,14171116144200803090,14,7,13,000,2017,11,22,5,3,5,3,0,1,0,0,0,2,0,"737376,293999999990000","5692667,497000000400000",12.40797843100006,51.33565706400003,3,3,3,Südost
163859,14171116144200791310,14,7,13,000,2017,11,15,5,2,2,6,0,1,0,0,0,0,0,"730486,008700000010000","5693666,038300000100000",12.309881654000037,51.34745519200004,7,7,7,Alt-West
163860,14171116144200780750,14,7,13,000,2017,11,17,5,2,4,2,1,1,0,0,0,2,0,"731731,204999999960000","5690705,052600000100000",12.325805110000033,51.320368759000075,5,5,5,Südwest
163874,14171115148310782940,14,7,13,000,2017,11,07,4,3,0,7,1,1,0,0,0,0,0,"731469,069200000030000","5692317,039400000100000",12.323096621000047,51.33494603500003,7,7,7,Alt-West
163875,14171115148210775610,14,7,13,000,2017,11,09,4,3,4,2,0,1,0,0,0,0,1,"734504,442200000050000","5690903,774199999900000",12.365664020000054,51.32101649100008,4,4,4,Süd
163876,14171115144200774510,14,7,13,000,2017,11,11,4,3,2,6,0,1,0,0,0,0,0,"734307,732500000040000","5691813,304999999700000",12.363443855000071,51.32926192300005,0,0,0,Mitte
163877,14171115143219822660,14,7,13,000,2017,11,09,4,3,5,2,1,1,0,0,0,0,0,"736137,376000000050000","5699176,032999999800000",12.394546410000032,51.39459449100008,9,9,9,Nord
163887,14171114662221781930,14,7,13,000,2017,11,08,3,3,2,6,0,1,0,0,0,0,0,"735015,581400000020000","5692391,068300000400000",12.373967066000034,51.33415615600006,0,0,0,Mitte
163890,14171114148410772600,14,7,13,000,2017,11,17,3,3,2,6,0,1,0,0,0,2,0,"735073,069299999970000","5694986,343299999800000",12.376504323000063,51.357428491000064,0,0,0,Mitte
163891,14171114148310790070,14,7,13,000,2017,11,09,3,3,5,3,0,1,0,0,1,0,0,"732926,079999999960000","5691018,855899999800000",12.34312770300005,51.32269782900005,5,5,5,Südwest
163892,14171114148110771760,14,7,13,000,2017,11,08,3,3,3,6,1,1,0,0,0,0,0,"733877,101700000000000","5695427,743800000300000",12.35964784600003,51.361884168000074,9,9,9,Nord
163893,14171114144200770840,14,7,13,000,2017,11,02,3,3,8,1,0,1,0,0,0,2,0,"735013,778000000050000","5692380,409000000000000",12.373934193000025,51.33406122000008,0,0,0,Mitte
163894,14171114144200770830,14,7,13,000,2017,11,15,3,2,6,2,0,1,1,0,0,0,0,"737925,193500000050000","5695328,352599999900000",12.417622120000033,51.35931144700004,1,1,1,Nordost
163906,14171113662222770020,14,7,13,000,2017,11,08,2,3,5,3,1,1,0,0,0,0,0,"738165,679000000000000","5694742,866600000300000",12.420678031000023,51.35395543700008,1,1,1,Nordost
163907,14171113662222769920,14,7,13,000,2017,11,08,2,3,3,6,1,0,0,0,0,0,1,"735626,931600000010000","5695938,400899999800000",12.38507553900007,51.36574501600006,9,9,9,Nord
163911,14171113148410772540,14,7,13,000,2017,11,07,2,3,2,6,0,1,0,0,0,1,1,"734775,048900000050000","5693528,912999999700000",12.371270324000022,51.344469246000074,0,0,0,Mitte
163912,14171113148310776000,14,7,13,000,2017,11,11,2,3,2,2,0,1,0,0,0,0,1,"731759,928799999990000","5689903,640399999900000",12.325695813000038,51.31316290500007,5,5,5,Südwest
163913,14171113148210775690,14,7,13,000,2017,11,17,2,3,5,3,0,1,0,0,0,2,0,"735479,439400000030000","5689886,791600000100000",12.37895988400004,51.311485047000076,4,4,4,Süd
163914,14171113148210772140,14,7,13,000,2017,11,11,2,3,0,5,1,1,0,0,0,0,0,"734719,122100000040000","5690290,229100000100000",12.368335613000056,51.315420517000064,4,4,4,Süd
163915,14171113144200809590,14,7,13,000,2017,11,06,2,2,4,6,0,1,0,0,1,2,1,"730439,328400000000000","5701068,693300000400000",12.314013335000027,51.41392687000007,8,8,8,Nordwest
163926,14171112148410780480,14,7,13,000,2017,11,08,1,3,2,2,0,1,0,0,0,0,0,"735123,615400000010000","5693982,542299999900000",12.376565842000048,51.348397136000074,0,0,0,Mitte
163927,14171112148110780000,14,7,13,000,2017,11,16,1,3,5,3,0,1,0,0,0,2,1,"736124,132300000060000","5695396,957000000400000",12.391845587000034,51.36067849600005,9,9,9,Nord
163931,14171111148210772080,14,7,13,000,2017,11,11,7,3,1,7,0,1,0,0,0,0,0,"736634,613999999940000","5688795,105800000000000",12.394780745000048,51.30120678000003,4,4,4,Süd
163933,14171111144000775990,14,7,13,000,2017,11,11,7,3,5,2,0,1,0,1,0,0,1,"731357,633700000010000","5693388,240899999600000",12.322195510000029,51.34460739300005,7,7,7,Alt-West
163940,14171110148423756110,14,7,13,000,2017,11,07,6,3,6,4,0,1,1,0,0,0,1,"742455,373700000000000","5692819,181300000300000",12.480858345000058,51.33487603900005,2,2,2,Ost
163941,14171110148410760900,14,7,13,000,2017,11,17,6,3,6,4,1,0,1,0,0,1,1,"736991,701400000020000","5693006,936800000300000",12.402693175000024,51.33886430300004,2,2,2,Ost
163942,14171110148310787440,14,7,13,000,2017,11,16,6,3,5,3,0,1,0,0,0,1,1,"737999,585599999990000","5692812,719899999900000",12.417006899000057,51.33670009600007,2,2,2,Ost
163943,14171110148210756140,14,7,13,000,2017,11,14,6,3,0,1,1,0,0,0,0,0,1,"735387,743299999970000","5690904,434700000100000",12.378318195000077,51.320657717000074,4,4,4,Süd
163944,14171110148110762630,14,7,13,000,2017,11,06,6,3,3,6,0,1,0,1,0,1,1,"736887,693100000030000","5695794,105600000400000",12.403057629000045,51.36392552600006,1,1,1,Nordost
163945,14171110148110762540,14,7,13,000,2017,11,15,6,3,5,3,0,1,0,1,0,0,1,"737628,445900000050000","5695336,810200000200000",12.413373334000028,51.35951153000008,1,1,1,Nordost
163946,14171110143219822621,14,7,13,000,2017,11,16,6,2,0,7,0,0,1,0,1,0,0,"738762,352199999960000","5693655,767699999700000",12.428502231000039,51.34394746600003,2,2,2,Ost
163966,14171108148410865780,14,7,13,000,2017,11,16,4,3,5,3,1,0,0,0,1,1,0,"735042,770999999950000","5692571,035000000100000",12.374475413000027,51.33576037000006,0,0,0,Mitte
163967,14171108148410760980,14,7,13,000,2017,11,18,4,2,4,2,0,1,0,0,0,2,0,"735170,125200000010000","5693570,377000000300000",12.376960267000072,51.34467816400007,0,0,0,Mitte