OBJECTID,UIDENTSTLA,ULAND,UREGBEZ,UKREIS,UGEMEINDE,UJAHR,UMONAT,USTUNDE,UWOCHENTAG,UKATEGORIE,UART,UTYP1,IstRad,IstPKW,IstFuss,IstKrad,IstSonstig,LICHT,STRZUSTAND,LINREFX,LINREFY,XGCSWGS84,YGCSWGS84,index_right,FID,SBZ,Name
163968,14171108148410747370,14,7,13,000,2017,11,16,4,3,1,7,0,1,0,1,0,2,1,"738887,565599999970000","5693672,460599999900000",12.430307970000058,51.344044704000055,2,2,2,Ost
163979,14171107148410792110,14,7,13,000,2017,11,17,3,3,5,3,1,1,0,0,0,2,0,"733945,864799999980000","5693158,129099999600000",12.359142011000074,51.34148269900004,0,0,0,Mitte
163980,14171107148410760750,14,7,13,000,2017,11,17,3,3,2,6,0,1,0,0,0,1,0,"737457,257699999960000","5693262,238699999600000",12.409535081000058,51.34096169500003,2,2,2,Ost
163981,14171107148321749720,14,7,13,000,2017,11,17,3,3,4,2,1,1,0,0,0,2,0,"732391,856099999980000","5691545,279600000000000",12.33581728300004,51.32764184500007,5,5,5,Südwest
163982,14171107148310799210,14,7,13,000,2017,11,09,3,3,6,4,0,0,1,0,1,0,0,"732181,199999999950000","5692666,891099999700000",12.333529833000057,51.33779629600008,7,7,7,Alt-West
163983,14171107148110753860,14,7,13,000,2017,11,21,3,3,3,2,1,1,0,0,0,2,0,"733967,477900000060000","5695297,069100000000000",12.360857757000076,51.360673965000046,9,9,9,Nord
163984,14171107148110753620,14,7,13,000,2017,11,07,3,3,2,6,0,1,0,0,0,0,0,"735365,270999999950000","5695958,463399999800000",12.381336769000029,51.36603356400008,9,9,9,Nord
163985,14171107144320883730,14,7,13,000,2017,11,13,3,3,6,7,0,1,1,0,0,0,0,"734919,910200000040000","5690955,383399999700000",12.371649847000072,51.321308386000055,4,4,4,Süd
163986,14171107144200832800,14,7,13,000,2017,11,07,3,2,4,2,0,1,0,0,0,0,0,"733785,007400000000000","5695672,182400000300000",12.358488012000066,51.36411626600005,9,9,9,Nord
163987,14171107144200762701,14,7,13,000,2017,11,10,3,3,4,2,1,1,0,0,0,0,0,"734830,309899999990000","5694552,257199999900000",12.372737445000041,51.35363234400006,0,0,0,Mitte
163988,14171107144200752300,14,7,13,000,2017,11,12,3,3,5,3,1,1,0,0,0,0,0,"734176,399500000060000","5692169,648900000400000",12.361796250000054,51.33251472400008,0,0,0,Mitte
163989,14171107144200747390,14,7,13,000,2017,11,18,3,3,5,3,1,1,0,0,0,2,0,"740803,227199999960000","5694634,413700000400000",12.458413003000032,51.35187070100005,2,2,2,Ost
164001,14171106148410772650,14,7,13,000,2017,11,12,2,2,6,4,1,0,1,0,0,0,0,"735790,369399999970000","5691791,304399999800000",12.38467253600004,51.32845183300003,0,0,0,Mitte
164002,14171106148410752510,14,7,13,000,2017,11,08,2,3,5,3,1,1,0,0,0,0,1,"735290,828800000020000","5692387,969200000200000",12.377909200000033,51.334014538000076,0,0,0,Mitte
164003,14171106148210756250,14,7,13,000,2017,11,17,2,3,5,3,0,0,0,1,0,2,0,"739323,035999999960000","5691633,924999999800000",12.435179705000053,51.32556407900006,2,2,2,Ost
164005,14171106148110762620,14,7,13,000,2017,11,12,2,3,4,2,1,1,0,0,0,0,0,"734530,329000000030000","5694943,779299999600000",12.368695028000047,51.357270665000044,9,9,9,Nord
164012,14171216148210909320,14,7,13,000,2017,12,11,7,3,5,3,0,1,0,0,0,0,1,"739759,243499999980000","5688233,217299999700000",12.439143522000052,51.294856355000036,3,3,3,Südost
164013,14171216144200897900,14,7,13,000,2017,12,21,7,3,5,7,0,0,0,0,1,2,1,"737277,995899999980000","5692936,282200000200000",12.406748889000028,51.33811071800005,3,3,3,Südost
164014,14171215148310908070,14,7,13,000,2017,12,20,6,3,2,6,0,1,0,0,0,2,1,"729296,321800000030000","5691028,387199999800000",12.291129841000043,51.32425776700006,6,6,6,West
164015,14171215148210883810,14,7,13,000,2017,12,12,6,3,1,7,1,1,0,0,0,0,0,"734777,805000000050000","5691380,879599999600000",12.369894303000024,51.325186476000056,4,4,4,Süd
164016,14171215144200978010,14,7,13,000,2017,12,18,6,2,6,4,0,1,1,0,0,2,0,"736797,856700000000000","5695785,609100000000000",12.401763852000045,51.36388671000003,1,1,1,Nordost
164017,14171215144200948320,14,7,13,000,2017,12,07,6,2,6,4,0,1,1,0,0,2,1,"735649,371799999960000","5695914,052299999600000",12.38538118300005,51.36551715000007,9,9,9,Nord
164036,14171214148310879390,14,7,13,000,2017,12,07,5,3,6,2,0,1,1,0,0,1,1,"731610,649800000010000","5692938,586299999600000",12.325529693000021,51.340467913000055,7,7,7,Alt-West
164037,14171214148110872250,14,7,13,000,2017,12,07,5,2,6,4,0,1,1,0,0,1,1,"731104,996300000000000","5697485,130300000300000",12.321236202000023,51.381487235000066,8,8,8,Nordwest
164039,14171214144000893830,14,7,13,000,2017,12,18,5,3,3,2,1,1,0,0,0,2,1,"731486,461499999980000","5688743,051900000300000",12.321025769000073,51.30285569900008,5,5,5,Südwest
164040,14171214143214900470,14,7,13,000,2017,12,16,5,3,6,4,1,0,1,0,0,0,0,"735317,253299999980000","5693447,946999999700000",12.378988123000056,51.343518318000065,0,0,0,Mitte
164053,14171213148410890610,14,7,13,000,2017,12,11,4,3,3,2,0,1,0,1,0,0,0,"735833,667000000020000","5692374,699000000000000",12.385678983000048,51.33367059900007,0,0,0,Mitte
164054,14171213148410886980,14,7,13,000,2017,12,09,4,2,6,2,0,1,1,0,0,0,0,"737387,415999999970000","5691589,217000000200000",12.407419508000032,51.325973702000056,3,3,3,Südost
164055,14171213144200948310,14,7,13,000,2017,12,10,4,3,4,2,1,1,0,0,0,0,0,"734277,720600000000000","5695510,543200000200000",12.365446623000025,51.36246237100005,9,9,9,Nord
164056,14171213144200897920,14,7,13,000,2017,12,18,4,3,5,3,1,1,0,0,0,2,0,"734176,469300000000000","5692176,700500000300000",12.361801885000034,51.332577994000076,0,0,0,Mitte
164057,14171213144200870940,14,7,13,000,2017,12,15,4,3,3,6,1,1,0,0,0,0,0,"732691,413900000040000","5692690,721699999600000",12.340857416000063,51.33780167800006,7,7,7,Alt-West
164073,14171212148110890550,14,7,13,000,2017,12,16,3,3,8,1,0,0,0,1,0,0,0,"736984,641199999950000","5697014,671000000100000",12.405261219000067,51.37484094200005,1,1,1,Nordost
164074,14171212144200870960,14,7,13,000,2017,12,07,3,3,6,4,0,1,1,0,0,0,0,"736710,371099999990000","5689675,048499999600000",12.396449157000063,51.30907385300003,4,4,4,Süd
164075,14171212144200870950,14,7,13,000,2017,12,11,3,3,4,2,0,1,0,0,0,0,0,"736437,593600000020000","5691191,638799999800000",12.393547947000059,51.32280047900008,0,0,0,Mitte
164084,14171211149223864800,14,7,13,000,2017,12,16,2,3,6,2,0,1,1,0,0,1,1,"734757,640699999990000","5693490,963399999800000",12.370995794000066,51.34413578400006,0,0,0,Mitte
164085,14171211148410872440,14,7,13,000,2017,12,17,2,3,6,4,0,1,1,0,0,2,1,"733768,954499999990000","5693338,523500000100000",12.356724922000069,51.34317477400003,0,0,0,Mitte
164086,14171211148210924440,14,7,13,000,2017,12,16,2,3,5,3,0,1,0,0,0,2,1,"734202,600199999990000","5692891,752399999600000",12.362646404000031,51.33898588800008,0,0,0,Mitte
164087,14171211148210893450,14,7,13,000,2017,12,16,2,3,6,2,0,1,1,0,0,2,1,"740275,184699999980000","5691703,717000000200000",12.448867113000063,51.325789204000046,2,2,2,Ost
164088,14171211148210872290,14,7,13,000,2017,12,17,2,3,7,1,1,0,0,0,0,1,1,"735004,795599999950000","5692204,972400000300000",12.37368976700003,51.332490145000065,0,0,0,Mitte
164089,14171211148210871490,14,7,13,000,2017,12,20,2,3,6,2,0,1,1,0,0,2,1,"737240,607800000000000","5692223,657999999800000",12.40573856900005,51.33172974300004,3,3,3,Südost
164090,14171211148110872220,14,7,13,000,2017,12,18,2,3,6,7,0,1,1,0,0,2,1,"737833,079900000010000","5695035,270899999900000",12.416105593000054,51.356719319000035,1,1,1,Nordost
164091,14171211144200872120,14,7,13,000,2017,12,16,2,3,2,2,1,1,0,0,0,1,1,"736967,972900000050000","5692699,829599999800000",12.40214883300007,51.33611756200003,3,3,3,Südost
164092,14171211144200864440,14,7,13,000,2017,12,13,2,3,5,3,1,1,0,0,0,0,1,"734480,385899999990000","5695027,336600000000000",12.368034063000039,51.35804131800006,9,9,9,Nord
164093,14171211144200864210,14,7,13,000,2017,12,19,2,2,8,1,0,1,0,0,1,2,0,"734313,421300000050000","5691795,052400000400000",12.363513365000074,51.329095736000056,0,0,0,Mitte
164105,14171210148220872280,14,7,13,000,2017,12,16,1,3,2,2,0,1,0,0,0,1,2,"734581,537099999960000","5691403,411000000300000",12.367097214000069,51.32546968500003,0,0,0,Mitte
164128,14171208148310852660,14,7,13,000,2017,12,06,6,3,5,2,1,1,0,0,0,2,1,"730536,514100000030000","5691504,297299999700000",12.30920655600005,51.32802884400007,7,7,7,Alt-West
164129,14171208148220859680,14,7,13,000,2017,12,07,6,3,5,3,0,1,0,0,0,2,1,"735177,458300000060000","5689047,702800000100000",12.374081715000045,51.30407788000008,4,4,4,Süd
164130,14171208144200949110,14,7,13,000,2017,12,18,6,2,6,6,0,1,1,0,0,2,1,"728919,906100000020000","5685375,045500000000000",12.282111487000066,51.273657842000034,5,5,5,Südwest
164131,14171208144200856020,14,7,13,000,2017,12,22,6,3,6,4,0,1,1,0,0,2,0,"735836,905600000060000","5694982,842100000000000",12.387452913000061,51.35708059400008,9,9,9,Nord
164151,14171207148410879450,14,7,13,000,2017,12,13,5,3,2,6,0,1,0,0,0,0,0,"735309,880899999990000","5692605,649000000200000",12.378325982000035,51.33596062400005,0,0,0,Mitte
164152,14171207148410852690,14,7,13,000,2017,12,16,5,3,3,6,1,1,0,0,0,2,0,"735003,565999999990000","5691787,955400000300000",12.373397142000044,51.32874734500007,0,0,0,Mitte
164153,14171207148410847960,14,7,13,000,2017,12,07,5,3,3,7,1,1,0,0,0,0,0,"734116,794200000000000","5691670,170699999700000",12.360614009000074,51.32805569000004,4,4,4,Süd
164155,14171207148210903790,14,7,13,000,2017,12,07,5,3,5,3,1,1,0,0,0,1,0,"735910,600199999990000","5688684,826299999800000",12.384340575000067,51.30051728800004,4,4,4,Süd
164156,14171207144200930230,14,7,13,000,2017,12,15,5,3,2,2,1,1,0,0,0,0,0,"737960,777200000010000","5695421,204099999700000",12.41819438300007,51.36012997600005,1,1,1,Nordost
164157,14171207144200854920,14,7,13,000,2017,12,17,5,3,5,3,0,1,0,0,0,2,0,"733852,994799999990000","5693448,508999999600000",12.358001675000025,51.34412750100006,0,0,0,Mitte
164173,14171206148410890590,14,7,13,000,2017,12,22,4,2,8,1,1,0,0,0,0,2,0,"735010,022899999980000","5692359,657399999900000",12.37386669600005,51.33387649700006,0,0,0,Mitte
164174,14171206148410865520,14,7,13,000,2017,12,18,4,3,1,5,1,1,0,0,0,2,0,"735566,922499999990000","5692251,206799999800000",12.381775061000042,51.33267263300007,0,0,0,Mitte
164175,14171206148410856650,14,7,13,000,2017,12,19,4,3,1,5,1,1,0,0,0,2,0,"733544,865800000030000","5693118,177000000100000",12.353368612000054,51.34128891000006,0,0,0,Mitte
164176,14171206148210846540,14,7,13,000,2017,12,09,4,3,6,4,0,1,1,0,0,0,0,"735330,964299999990000","5689544,477900000300000",12.376607557000057,51.308473708000065,4,4,4,Süd
164177,14171206144200921650,14,7,13,000,2017,12,23,4,2,6,4,1,0,1,0,0,2,0,"734407,929200000010000","5692973,464499999800000",12.36564280500005,51.33963477200007,0,0,0,Mitte
164178,14171206144200847170,14,7,13,000,2017,12,14,4,2,6,4,0,1,1,0,0,0,0,"735588,494300000020000","5697100,083200000200000",12.385294146000035,51.37618847700003,9,9,9,Nord
164197,14171205148310843350,14,7,13,000,2017,12,07,3,3,5,3,1,1,0,0,0,1,1,"730806,251099999990000","5694796,508200000000000",12.31520533400004,51.35747337300006,7,7,7,Alt-West
164198,14171205148310843340,14,7,13,000,2017,12,23,3,2,0,1,1,0,0,0,0,2,0,"732493,388599999950000","5694046,415099999900000",12.33890462100004,51.35005231400004,7,7,7,Alt-West
164199,14171205148210839720,14,7,13,000,2017,12,07,3,3,4,2,0,1,0,0,1,1,1,"736730,758400000050000","5688797,411500000400000",12.396158970000045,51.30118751400005,4,4,4,Süd
164200,14171205148110895430,14,7,13,000,2017,12,07,3,3,2,2,0,1,0,0,0,0,1,"734006,223200000010000","5695595,684899999800000",12.36160973400007,51.36333852100006,9,9,9,Nord
164201,14171205144200948730,14,7,13,000,2017,12,18,3,2,4,2,0,1,0,0,0,2,0,"741970,674299999960000","5686405,485500000400000",12.469564637000076,51.277516278000064,3,3,3,Südost
164202,14171205144200845720,14,7,13,000,2017,12,07,3,3,5,3,1,1,0,0,0,2,1,"738190,227799999990000","5692418,068799999500000",12.41947490900003,51.33307791300007,2,2,2,Ost
164203,14171205144000851100,14,7,13,000,2017,12,22,3,3,6,6,1,0,1,0,0,2,0,"727747,214599999950000","5689117,267900000300000",12.267713795000077,51.307723155000076,6,6,6,West
164221,14171204144200839190,14,7,13,000,2017,12,13,2,2,5,3,1,1,0,0,0,0,1,"735640,018300000000000","5696706,842100000000000",12.385772449000058,51.37263728600004,9,9,9,Nord
164222,14171204144200834040,14,7,13,000,2017,12,07,2,2,6,4,0,1,1,0,0,1,1,"738121,178399999980000","5693617,398299999500000",12.419287280000049,51.343871954000065,2,2,2,Ost
164223,14171204143212836341,14,7,13,000,2017,12,07,2,3,1,5,1,1,0,0,0,2,1,"733635,842300000020000","5697110,921799999700000",12.357294545000059,51.37709244600006,8,8,8,Nordwest
164236,14171203148310826870,14,7,13,000,2017,12,16,1,3,2,6,0,1,0,0,0,1,2,"728434,259700000050000","5689490,078200000300000",12.277792916000067,51.310794712000074,6,6,6,West
164237,14171203144200839200,14,7,13,000,2017,12,03,1,3,9,7,0,1,0,0,0,2,1,"737963,834700000010000","5695424,160199999800000",12.418240196000056,51.36015522900004,1,1,1,Nordost
164238,14171203144000826790,14,7,13,000,2017,12,20,1,3,5,3,0,1,0,1,0,2,1,"734764,092999999990000","5691303,298999999600000",12.369646760000023,51.32449573700006,4,4,4,Süd
164247,14171202148110828380,14,7,13,000,2017,12,11,7,3,6,2,0,1,1,0,0,0,0,"731618,724900000030000","5696573,913700000400000",12.328011837000076,51.373098156000026,8,8,8,Nordwest
164248,14171202144200826300,14,7,13,000,2017,12,09,7,2,3,7,0,1,0,0,1,0,0,"736731,165999999970000","5689059,199000000000000",12.39633843100006,51.30353720800008,4,4,4,Süd
164254,14171201148410834860,14,7,13,000,2017,12,17,6,3,6,2,0,1,1,0,0,2,0,"735645,451200000010000","5695932,781100000300000",12.385337374000073,51.36568689000006,9,9,9,Nord
164255,14171201148110832860,14,7,13,000,2017,12,12,6,3,5,3,0,1,0,0,1,0,0,"737146,780400000050000","5694333,630699999600000",12.405799148000028,51.35070815600005,1,1,1,Nordost
164266,14171130148410843370,14,7,13,000,2017,11,09,5,3,1,6,0,1,0,0,0,0,0,"735091,083400000000000","5693968,087299999800000",12.376089981000064,51.34828083800005,0,0,0,Mitte
164267,14171130148323842770,14,7,13,000,2017,11,15,5,3,1,3,1,1,0,0,0,0,0,"734852,288100000010000","5692506,267199999700000",12.371703066000066,51.33525767800006,0,0,0,Mitte
164268,14171130148110839560,14,7,13,000,2017,11,09,5,3,5,3,1,1,0,0,0,0,0,"735704,849500000010000","5695645,656600000300000",12.385998823000023,51.36308495700007,9,9,9,Nord
164269,14171130144200965120,14,7,13,000,2017,11,23,5,3,5,3,0,1,0,0,0,2,0,"733891,600699999950000","5693352,631799999600000",12.358492037000076,51.34325097800007,0,0,0,Mitte
164270,14171130144200833190,14,7,13,000,2017,11,11,5,3,2,6,0,1,0,0,1,0,0,"738694,858099999950000","5690994,060899999900000",12.42575193500005,51.32008460700007,3,3,3,Südost
164271,14171130144200823560,14,7,13,000,2017,11,09,5,2,5,3,1,1,0,0,0,0,0,"733572,996599999950000","5692169,765399999900000",12.353149923000046,51.33276387500007,0,0,0,Mitte
164272,14171130144200822680,14,7,13,000,2017,11,15,5,3,5,3,1,1,0,0,0,0,0,"733759,016999999990000","5695443,973399999600000",12.357965352000065,51.362078446000055,9,9,9,Nord
164287,14171129144200965100,14,7,13,000,2017,11,09,4,3,5,2,1,1,0,0,0,0,0,"735772,258299999990000","5692865,772699999600000",12.385124038000072,51.33810407100003,0,0,0,Mitte
164288,14171129144200921630,14,7,13,000,2017,11,16,4,3,5,3,1,1,0,0,0,2,0,"733177,227900000060000","5695859,629999999900000",12.349895771000035,51.36604866600004,8,8,8,Nordwest
164289,14171129144200839250,14,7,13,000,2017,11,09,4,2,6,7,0,1,1,0,0,0,0,"734870,194699999990000","5695651,548000000400000",12.37403491300006,51.36348347900008,9,9,9,Nord
164290,14171129144200826290,14,7,13,000,2017,11,14,4,2,3,2,0,1,0,0,1,0,0,"731165,728699999980000","5690507,123900000000000",12.317575704000035,51.318821971000034,5,5,5,Südwest
164291,14171129144200823570,14,7,13,000,2017,11,13,4,3,5,3,1,1,0,0,0,0,0,"735391,872699999950000","5691053,603500000200000",12.37847583100006,51.32199500100006,4,4,4,Süd
164292,14171129144200819800,14,7,13,000,2017,11,16,4,2,6,4,0,1,1,0,0,2,0,"737279,521100000010000","5693462,284799999600000",12.407121178000068,51.34283151600005,2,2,2,Ost
164312,14171128149321825770,14,7,13,000,2017,11,15,3,3,5,3,1,1,0,0,0,0,1,"734444,781399999980000","5692132,322100000500000",12.365617403000044,51.33206910300004,0,0,0,Mitte
164314,14171128148410816230,14,7,13,000,2017,11,14,3,3,2,6,0,1,0,0,0,0,0,"737089,113699999990000","5691704,351200000400000",12.403222421000066,51.32713155000005,3,3,3,Südost
164315,14171128148310898860,14,7,13,000,2017,11,14,3,3,6,4,1,0,1,0,0,0,0,"731276,496900000030000","5693280,981100000400000",12.320962856000051,51.34367754900006,7,7,7,Alt-West
164316,14171128144200851050,14,7,13,000,2017,11,10,3,2,5,3,1,1,0,0,0,0,0,"736072,120299999950000","5689665,427000000100000",12.387302021000039,51.309252523000055,4,4,4,Süd
164317,14171128144200847190,14,7,13,000,2017,11,06,3,3,5,3,1,1,0,0,0,2,0,"729591,051600000010000","5694731,546000000100000",12.297739922000062,51.35738246000005,7,7,7,Alt-West
164329,14171127148423819890,14,7,13,000,2017,11,15,2,3,5,3,1,1,0,0,0,0,0,"734756,649600000000000","5691171,503100000300000",12.369453331000045,51.32331575000006,4,4,4,Süd
164344,14171217148210909330,14,7,13,000,2017,12,15,1,3,5,3,0,1,0,0,0,0,1,"743238,263200000040000","5694199,663300000100000",12.49301846700007,51.346931948000076,2,2,2,Ost
164345,14171217148310887490,14,7,13,000,2017,12,14,1,3,3,5,0,1,0,1,0,0,1,"731737,021100000010000","5691424,610100000200000",12.326356172000033,51.32682574100005,5,5,5,Südwest
164447,14171231148310978770,14,7,13,000,2017,12,16,1,3,2,6,0,1,0,0,0,1,1,"731948,471499999990000","5692421,427600000100000",12.33003468100003,51.33568779400008,7,7,7,Alt-West
164448,14171231148310978760,14,7,13,000,2017,12,16,1,3,8,1,1,0,0,0,0,1,0,"730644,689699999990000","5683314,669099999600000",12.305467901000043,51.25446628800006,5,5,5,Südwest
164451,14171230148223916420,14,7,13,000,2017,12,15,7,3,6,7,0,1,1,0,0,0,1,"736370,770600000050000","5687642,997200000100000",12.390240070000061,51.29097470600004,4,4,4,Süd
164452,14171230145200959550,14,7,13,000,2017,12,00,7,3,6,4,0,1,1,0,0,2,0,"732577,682700000000000","5692090,654699999800000",12.33883576200003,51.33246158000003,7,7,7,Alt-West
164462,14171228148110923780,14,7,13,000,2017,12,04,5,3,6,4,0,0,1,0,1,2,1,"731339,529499999950000","5696714,817300000200000",12.324099175000072,51.37447680500003,8,8,8,Nordwest
164463,14171228144200921720,14,7,13,000,2017,12,10,5,2,6,4,0,1,1,0,0,0,0,"728025,409300000060000","5689287,410100000000000",12.271807083000056,51.30913921900003,6,6,6,West
164473,14171227148410923470,14,7,13,000,2017,12,09,4,3,5,3,0,1,0,0,0,0,0,"734446,369100000010000","5692130,912999999700000",12.365639226000042,51.332055800000035,0,0,0,Mitte
164480,14171226143214918500,14,7,13,000,2017,12,10,3,3,6,4,1,0,1,0,0,0,0,"730479,245499999960000","5683419,987900000100000",12.30316889900007,51.25547862900004,5,5,5,Südwest
164483,14171225148410965210,14,7,13,000,2017,12,14,2,3,2,6,0,1,0,0,0,0,0,"733892,203600000010000","5693351,134600000500000",12.358499695000035,51.34323729100004,0,0,0,Mitte
164484,14171225148220928270,14,7,13,000,2017,12,23,2,3,5,3,1,1,0,0,0,2,0,"735991,973099999940000","5688382,550200000400000",12.385305938000045,51.29777024100008,4,4,4,Süd
164494,14171223144200903260,14,7,13,000,2017,12,17,7,3,2,6,0,1,0,0,0,1,0,"734585,633599999940000","5691408,137400000400000",12.367159015000027,51.325510423000026,0,0,0,Mitte
164501,14171222144200949550,14,7,13,000,2017,12,15,6,3,5,5,1,1,0,0,0,0,0,"736877,402899999990000","5692782,370400000400000",12.400905863000048,51.33689618900007,3,3,3,Südost
164502,14171222144200908400,14,7,13,000,2017,12,23,6,2,5,3,0,1,0,0,0,2,0,"729979,736900000020000","5694282,050900000100000",12.303022360000057,51.35319017900008,7,7,7,Alt-West
164511,14171221148310903600,14,7,13,000,2017,12,18,5,3,3,5,1,1,0,0,0,2,1,"736193,711600000040000","5688762,834099999600000",12.388446049000038,51.30110015200006,4,4,4,Süd
164512,14171221148110897840,14,7,13,000,2017,12,15,5,3,5,3,0,1,0,0,0,0,1,"736571,883799999950000","5697169,615399999500000",12.399444606000031,51.37640381600005,1,1,1,Nordost
164513,14171221144200948350,14,7,13,000,2017,12,17,5,2,5,3,1,1,0,0,0,2,1,"737297,982599999990000","5695375,294099999600000",12.408661146000043,51.35999505700005,1,1,1,Nordost
164525,14171220148310959840,14,7,13,000,2017,12,17,4,3,6,6,0,1,1,0,0,1,1,"727987,426199999990000","5688846,441800000100000",12.270981292000045,51.30519570200005,6,6,6,West
164526,14171220148310903620,14,7,13,000,2017,12,07,4,3,0,6,0,1,0,1,0,2,1,"729987,169299999950000","5692786,779000000100000",12.30216299400007,51.33976409300004,7,7,7,Alt-West
164527,14171220144200949180,14,7,13,000,2017,12,14,4,2,5,2,0,1,0,0,0,0,0,"728685,427200000030000","5689588,295699999700000",12.281453527000053,51.31157558500007,6,6,6,West
164528,14171220144200908410,14,7,13,000,2017,12,11,4,3,4,2,1,1,0,0,0,0,0,"735308,399899999960000","5689757,617999999800000",12.376424967000048,51.310396265000065,4,4,4,Süd
164529,14171220144200904710,14,7,13,000,2017,12,16,4,3,6,4,0,0,1,0,1,1,1,"735875,318600000000000","5692770,735399999700000",12.386538031000043,51.337208254000075,0,0,0,Mitte
164536,14171219148410914040,14,7,13,000,2017,12,16,3,3,5,3,0,1,0,0,0,2,1,"736385,688800000000000","5692115,740399999500000",12.393417228000033,51.33111698000005,0,0,0,Mitte
164537,14171219148410904400,14,7,13,000,2017,12,17,3,2,6,2,0,1,1,0,0,2,1,"736441,179699999980000","5693414,000099999800000",12.39507401800006,51.34274733700005,2,2,2,Ost
164538,14171219148410898930,14,7,13,000,2017,12,16,3,3,4,2,1,1,0,0,0,2,1,"734772,476000000020000","5693730,166500000300000",12.37136614800005,51.34627683800005,0,0,0,Mitte
164539,14171219148210898420,14,7,13,000,2017,12,12,3,3,5,3,1,0,0,0,1,0,1,"735036,481499999990000","5691581,433400000400000",12.373732563000033,51.32687992400008,0,0,0,Mitte
164540,14171219148210898220,14,7,13,000,2017,12,19,3,3,6,7,0,1,1,0,0,2,1,"740765,085100000030000","5695172,883999999600000",12.458230571000058,51.35671993200003,2,2,2,Ost
164541,14171219148210893140,14,7,13,000,2017,12,07,3,3,1,5,1,1,0,0,0,0,0,"735634,310999999990000","5689319,987200000300000",12.38080370800003,51.30633312000003,4,4,4,Süd
164542,14171219144200903270,14,7,13,000,2017,12,18,3,3,5,2,1,1,0,0,0,2,1,"732321,479100000000000","5690619,641599999700000",12.334205695000037,51.31936135900003,5,5,5,Südwest
164543,14171219144200893780,14,7,13,000,2017,12,18,3,2,6,4,0,1,1,0,0,2,1,"739664,147600000030000","5692520,565899999800000",12.440662711000073,51.333378776000075,2,2,2,Ost
164544,14171219144200893770,14,7,13,000,2017,12,11,3,3,1,6,0,1,0,0,0,0,1,"729902,032000000010000","5694374,222500000100000",12.301967878000028,51.35404904100005,7,7,7,Alt-West
164545,14171219143219948760,14,7,13,000,2017,12,16,3,3,1,3,1,0,0,0,1,2,0,"734504,207999999980000","5690905,330000000100000",12.365661688000046,51.32103055300007,4,4,4,Süd
164556,14171218149621002070,14,7,13,000,2017,12,17,2,3,1,6,1,1,0,0,0,2,0,"734805,734000000050000","5692998,531700000200000",12.371360429000049,51.33969566400003,0,0,0,Mitte
164562,14171218148410886970,14,7,13,000,2017,12,10,2,3,0,5,1,1,0,0,0,0,0,"734636,958699999960000","5692078,837700000000000",12.368335908000063,51.33150976200005,0,0,0,Mitte
164563,14171218148210883800,14,7,13,000,2017,12,09,2,3,3,6,1,0,0,0,1,0,1,"735557,074200000030000","5692141,036299999800000",12.381561114000021,51.33168778700008,0,0,0,Mitte
164564,14171218148121886920,14,7,13,000,2017,12,07,2,2,4,2,1,0,0,0,0,1,0,"737596,735299999940000","5693455,601700000500000",12.411662966000051,51.34263906400008,2,2,2,Ost
164565,14171218144320918570,14,7,13,000,2017,12,16,2,3,2,6,0,1,0,0,0,1,0,"737576,496999999970000","5692604,139999999700000",12.410805002000075,51.33500477500007,2,2,2,Ost
164566,14171218144200918620,14,7,13,000,2017,12,08,2,3,5,3,0,1,0,0,0,0,0,"735430,667999999950000","5699081,547000000300000",12.384343683000054,51.394039967000026,9,9,9,Nord
164567,14171218144200895450,14,7,13,000,2017,12,06,2,3,2,2,1,1,0,0,0,2,1,"737350,964000000040000","5690248,250000000000000",12.40600468200006,51.31395225500006,3,3,3,Südost
164569,14171218144200892850,14,7,13,000,2017,12,17,2,3,5,3,1,1,0,0,0,2,0,"734530,998000000020000","5693625,824000000000000",12.367836193000073,51.345439885000076,0,0,0,Mitte
164570,14171218144200886190,14,7,13,000,2017,12,10,2,3,4,2,1,1,0,0,0,0,0,"727241,961200000020000","5693206,334900000100000",12.263083978000054,51.34463431000006,7,7,7,Alt-West
164571,14171218144200883500,14,7,13,000,2017,12,07,2,3,5,3,0,1,0,0,0,0,0,"737235,315999999990000","5692697,148400000300000",12.405978015000073,51.33598204100008,3,3,3,Südost
164572,14171218144000893560,14,7,13,000,2017,12,17,2,2,5,3,1,1,0,0,0,2,1,"730421,306400000000000","5690954,097000000100000",12.307200117000036,51.32313637000004,7,7,7,Alt-West
164583,14171217144200893790,14,7,13,000,2017,12,20,1,3,5,3,0,1,0,0,0,2,0,"737592,609900000040000","5694757,975800000100000",12.412473051000063,51.35433090500004,1,1,1,Nordost